phylum,n_detections,Hash,kingdom,class,order,family,genus,species,EarlyLifeMinerology,AdultMinerology,reliability.minerology,trophic_level_fv,group_fv,benthos
Annelida,245,035c135c2b278606c468c37d9e45bda43f053d70,Metazoa,Polychaeta,Phyllodocida,Nereididae,Nereis,Nereis vexillosa,No mineralization,No mineralization,species,"3, worm",polychaete,BEN
Annelida,245,28dd0d4dff9ce16edf8a13208dca3b02fcdc1dcf,Metazoa,Polychaeta,Spionida,Spionidae,Boccardia,Boccardia proboscidea,No mineralization,No mineralization,species,"3, worm",polychaete,BEN
Annelida,245,cefb48e899a9ebe414d4e90301cc4f88e237b3af,Metazoa,Polychaeta,Terebellida,Terebellidae,Thelepus,Thelepus crispus,Non-CaCO3 mineral,Non-CaCO3 mineral,species,"3, worm",polychaete,BEN
Annelida,245,ad3c8fcc3dee0f2a1f3ef12382a4a87d06d4aa0d,Metazoa,Polychaeta,Terebellida,Terebellidae,Nicolea,Nicolea zostericola,Non-CaCO3 mineral,Non-CaCO3 mineral,species,"3, worm",polychaete,BEN
Annelida,245,ea625d2852a07a30bef375abc651408b6de471d1,Metazoa,Polychaeta,Phyllodocida,Nereididae,Platynereis,Platynereis bicanaliculata,No mineralization,No mineralization,species,"3, worm",polychaete,BEN
Annelida,245,415bf12be0651ea9f8b4f005b02a1c1aa100860c,Metazoa,Polychaeta,NA,Opheliidae,Ophelina,Ophelina acuminata,No mineralization,No mineralization,species,"3, worm",polychaete,BEN
Annelida,245,138aa3d0b5497a477d5393025b7fabf0a25c1a27,Metazoa,Polychaeta,Spionida,Spionidae,Scolelepis,Scolelepis squamata,No mineralization,No mineralization,species,"3, worm",polychaete,BEN
Annelida,245,cf2a638277bc24f2ecebfb8a4ea248835452f508,Metazoa,Polychaeta,Spionida,Spionidae,Polydora,Polydora cornuta,No mineralization,No mineralization,species,"3, worm",polychaete,BEN
Annelida,245,5e65c11f8ed2211ec507f17ba017272300555da4,Metazoa,Polychaeta,Phyllodocida,Polynoidae,Harmothoe,Harmothoe fragilis,No mineralization,No mineralization,species,"3, worm",polychaete,BEN
Annelida,245,d59e27e92659c6afe1571881c53729273683e72c,Metazoa,Polychaeta,Spionida,Spionidae,Prionospio,Prionospio steenstrupi,No mineralization,No mineralization,species,"3, worm",polychaete,BEN
Annelida,245,5e6487a6d72735d95996c0407e4ef2e4ef6c63ce,Metazoa,Polychaeta,Phyllodocida,Polynoidae,Halosydna,Halosydna brevisetosa,No mineralization,No mineralization,species,"3, worm",polychaete,BEN
Annelida,245,b14e192ef4db4138ef5da5fa073aee9196146841,Metazoa,Polychaeta,Capitellida,Capitellidae,Barantolla,Barantolla americana CMC01,No mineralization,No mineralization,genus,"3, worm",polychaete,BEN
Annelida,245,a6dee6ad02a890df8321492b4772b05a5e682b47,Metazoa,Polychaeta,Terebellida,Pectinariidae,Pectinaria,Pectinaria granulata CMC01,No mineralization,No mineralization,genus,"3, worm",polychaete,BEN
Annelida,245,5f83544bcb9b60588c89d222727232532a503060,Metazoa,Polychaeta,Phyllodocida,Nereididae,Platynereis,Platynereis sp. CMC02,No mineralization,No mineralization,genus,"3, worm",polychaete,BEN
Annelida,245,53464ba96d870d0776668727bc6890efe809440d,Metazoa,Polychaeta,Phyllodocida,Phyllodocidae,Notophyllum,Notophyllum foliosum,No mineralization,No mineralization,genus,"3, worm",polychaete,BEN
Annelida,245,7d7698edcad1d1c7b8fcff114f4d6f10957e386b,Metazoa,Polychaeta,Terebellida,Terebellidae,Thelepus,Thelepus cincinnatus,Non-CaCO3 mineral,Non-CaCO3 mineral,genus,"3, worm",polychaete,BEN
Annelida,245,bffb10d3d2862fd26afd20693b4cac470e9ac436,Metazoa,Polychaeta,Terebellida,Terebellidae,Thelepus,Thelepus sp. CMC01,Non-CaCO3 mineral,Non-CaCO3 mineral,genus,"3, worm",polychaete,BEN
Annelida,245,adfbbf1cd2ac581d46c5c30fc56d0c190e8798c6,Metazoa,Polychaeta,Terebellida,Terebellidae,Polycirrus,Polycirrus sp. CMC06,Non-CaCO3 mineral,Non-CaCO3 mineral,genus,"3, worm",polychaete,BEN
Annelida,245,7b3cd104d7968a11e689e2a75ab64526e1f75495,Metazoa,Polychaeta,Terebellida,Terebellidae,Polycirrus,Polycirrus sp. CMC05,Non-CaCO3 mineral,Non-CaCO3 mineral,genus,"3, worm",polychaete,BEN
Annelida,245,d1e7735778c82b0e25c40b1b3cb4c8f49789acd3,Metazoa,Polychaeta,Terebellida,Terebellidae,Polycirrus,Polycirrus sp. CMC02,Non-CaCO3 mineral,Non-CaCO3 mineral,genus,"3, worm",polychaete,BEN
Annelida,245,437b7ff88792f63b05ad7d06d261c670c2f71f51,Metazoa,Polychaeta,Phyllodocida,Phyllodocidae,Phyllodoce,Phyllodoce medipapillata,No mineralization,No mineralization,genus,"3, worm",polychaete,BEN
Annelida,245,042307e433611983fea889fee7dd12035e2a1d50,Metazoa,Polychaeta,Spionida,Spionidae,Polydora,Polydora lingshuiensis,No mineralization,No mineralization,genus,"3, worm",polychaete,BEN
Annelida,245,b3d6bdb1b90236c17bbf72dc8cda864e031ee959,Metazoa,Polychaeta,Spionida,Cirratulidae,Dodecaceria,Dodecaceria sp. CMC01,No mineralization,Aragonite,genus,"3, worm",polychaete,BEN
Annelida,245,6ceb9fdc89d836080cd49030124695057a315af9,Metazoa,Polychaeta,Phyllodocida,Glyceridae,Glycera,Glycera sp. CMC03,No mineralization,No mineralization,genus,"3, worm",polychaete,BEN
Annelida,245,17c1f3e1117f994372dc61f7bf165fb9add491d5,Metazoa,Polychaeta,Phyllodocida,Syllidae,Proceraea,Proceraea okadai,No mineralization,No mineralization,genus,"3, worm",polychaete,BEN
Annelida,245,15c8de0d04fc86ac351cff57ddc70bcd2cf667ad,Metazoa,Polychaeta,Phyllodocida,Syllidae,Syllis,Syllis alternata CMC01,No mineralization,No mineralization,genus,"3, worm",polychaete,BEN
Annelida,245,1ac5d698bbd13c423a0d3a4f33e7b63468f81009,Metazoa,Polychaeta,Capitellida,Capitellidae,Capitella,Capitella nonatoi,No mineralization,No mineralization,genus,"3, worm",polychaete,BEN
Annelida,245,b00efb51716eb4c2fb5a5fadfd90ca92e60a20bc,Metazoa,Polychaeta,Phyllodocida,Nereididae,Alitta,Alitta sp. CMC01,No mineralization,No mineralization,family,"3, worm",polychaete,BEN
Annelida,245,147e973e714174591cb6dbced35312f6d1c69ac1,Metazoa,Polychaeta,Phyllodocida,Glyceridae,Hemipodia,Hemipodia simplex,No mineralization,No mineralization,family,"3, worm",polychaete,BEN
Annelida,245,5f3f8299e1a6a96e41031f6b44a5327e40b40507,Metazoa,Polychaeta,Phyllodocida,Nereididae,Hediste,Hediste diadroma,No mineralization,No mineralization,family,"3, worm",polychaete,BEN
Annelida,245,fdd823f3672bd5f04e71b52a26139bebe2748ed2,Metazoa,Polychaeta,Capitellida,Capitellidae,Dasybranchus,Dasybranchus sp. DH1,No mineralization,No mineralization,family,"3, worm",polychaete,BEN
Annelida,245,2eb4c89a0e32b31b4beb0f5d91cd19962a6e1d42,Metazoa,Polychaeta,Phyllodocida,Polynoidae,NA,Polynoidae sp. C_0250,No mineralization,No mineralization,family,"3, worm",polychaete,BEN
Annelida,245,6e8d0ca5315be88995672785d7ed68bb379aaf67,Metazoa,Polychaeta,Phyllodocida,Syllidae,Geminosyllis,Geminosyllis ohma,No mineralization,No mineralization,family,"3, worm",polychaete,BEN
Annelida,245,c0f08afc879ffb32596b54b998322bb78cae6438,Metazoa,Polychaeta,Phyllodocida,Nephtyidae,Bipalponephtys,Bipalponephtys cornuta,No mineralization,No mineralization,family,"3, worm",polychaete,BEN
Annelida,245,bdf1c20460654ab426d41a935463d7187700ffdd,Metazoa,Polychaeta,Phyllodocida,Syllidae,Opisthosyllis,Opisthosyllis sp. CMC01,No mineralization,No mineralization,family,"3, worm",polychaete,BEN
Annelida,245,e373b10b0ac15ea34d571e6d783487f44e0d37fb,Metazoa,Clitellata,Enchytraeida,Enchytraeidae,Marionina,Marionina sp. F LM-2012,NA,NA,NA,"3, worm",earthworm,BEN
Annelida,245,4c7eaa94d2773a537d1194a18115b4c1a1a29d09,Metazoa,Clitellata,Haplotaxida,Lumbricidae,Octolasion,Octolasion tyrtaeum,NA,NA,NA,3,earthworm,BEN
Annelida,245,3cac8b705862c7ce50a81eed7ff42c0856352c2c,Metazoa,Clitellata,Haplotaxida,Megascolecidae,Amynthas,Amynthas sp. FJ201111-06,NA,NA,NA,"3, insect",earthworm,BEN
Annelida,245,367c063b255e49d3a487022236ceacf69eec5207,Metazoa,Polychaeta,Eunicida,Dorvilleidae,Schistomeringos,Schistomeringos longicornis,No mineralization,No mineralization,species,undetermined,polychaete,BEN
Annelida,245,2f8238e8b72201b38768d46b32b1266ddc892f0c,Metazoa,Polychaeta,Sabellida,Sabellidae,Schizobranchia,Schizobranchia insignis,Non-CaCO3 mineral,Non-CaCO3 mineral,species,"3, worm",polychaete,BEN
Annelida,245,55ce23bb18864a147fe27cb9a45fafb5fd8072ba,Metazoa,Polychaeta,Phascolosomatiformes,Phascolosomatidae,Phascolosoma,Phascolosoma agassizii,No mineralization,No mineralization,species,undetermined,polychaete,BEN
Annelida,245,459872f12aa1cf78e8eafa97db881ba6ef6af564,Metazoa,Polychaeta,Sabellida,Oweniidae,Galathowenia,Galathowenia oculata,No mineralization,No mineralization,species,"3, worm",polychaete,BEN
Annelida,245,7c676680197b60413b07f27d51d465c1366265c3,Metazoa,Polychaeta,NA,Orbiniidae,Leitoscoloplos,Leitoscoloplos pugettensis CMC01,Non-CaCO3 mineral,Non-CaCO3 mineral,genus,undetermined,polychaete,BEN
Annelida,245,984c43b2fbaf89effac01093a4f20c9d4bfbbb39,Metazoa,Polychaeta,Eunicida,Eunicidae,Eunice,Eunice valens,No mineralization,No mineralization,genus,undetermined,polychaete,BEN
Annelida,245,90f6a1d25271eeaaf6a778b0fd07b5a2d11a6572,Metazoa,Polychaeta,Capitellida,Maldanidae,Euclymene,Euclymene sp. BOLD:ACG1020,No mineralization,No mineralization,genus,undetermined,polychaete,BEN
Annelida,245,7c8adf41bd8385562173c4dd20d71e04630ba0c5,Metazoa,Polychaeta,NA,Orbiniidae,Naineris,Naineris dendritica CMC02,Non-CaCO3 mineral,Non-CaCO3 mineral,genus,undetermined,polychaete,BEN
Annelida,245,b46b3d210990cbd6825b2605cf8e8a53219b32b4,Metazoa,Polychaeta,Capitellida,Maldanidae,Euclymene,Euclymene oerstedi,No mineralization,No mineralization,genus,undetermined,polychaete,BEN
Annelida,245,d6a7fde26da9282448c961966b6d50ab554e76a5,Metazoa,Polychaeta,Sabellida,Sabellidae,Myxicola,Myxicola infundibulum CMC02,Non-CaCO3 mineral,Non-CaCO3 mineral,genus,"3, worm",polychaete,BEN
Annelida,245,b074016d069e564387f67ad18a6e5bc181726411,Metazoa,Polychaeta,Sabellida,Sabellidae,Chone,Chone magna CMC02,Non-CaCO3 mineral,Non-CaCO3 mineral,genus,"3, worm",polychaete,BEN
Annelida,245,e87d5cf581f6dc10adc704aa99c7d57d334065c4,Metazoa,Polychaeta,Phyllodocida,Aphroditidae,Aphroditella,Aphroditella hastata,No mineralization,No mineralization,family,undetermined,polychaete,BEN
Annelida,245,1e8dca7c8ae7af0b9956b7946da6cdc7cbb7e050,Metazoa,Clitellata,Haplotaxida,Tubificidae,Nais,Nais elinguis,NA,NA,NA,undetermined,earthworm,BEN
Annelida,245,880f9f1ecaf906c946b4b02c00e412509e919b42,Metazoa,Clitellata,Haplotaxida,Tubificidae,Nais,Nais communis/variabilis complex sp. A1,NA,NA,NA,undetermined,earthworm,BEN
Annelida,245,d5835694dee341f3a307eaa7f9d43d9257ccfdfc,Metazoa,Polychaeta,NA,Saccocirridae,Saccocirrus,Saccocirrus sp. CMC01,Non-CaCO3 mineral,Non-CaCO3 mineral,family,undetermined,polychaete,BEN
Annelida,245,4bdcf608e587a4a357afade1ee494d2f7b2ab877,Metazoa,Clitellata,Haplotaxida,Tubificidae,Bothrioneurum,Bothrioneurum vejdovskyanum,NA,NA,NA,undetermined,earthworm,BEN
Annelida,245,d1cb931acbaddf21ae04a9c7590a1494520bd343,Metazoa,Clitellata,Haplotaxida,Tubificidae,Rhyacodrilus,Rhyacodrilus falciformis,NA,NA,NA,undetermined,earthworm,BEN
Annelida,245,cc3be3a4412990d18c51855a59f8662d3752d078,Metazoa,Polychaeta,NA,NA,NA,Polychaeta sp. BOLD:ACQ0474,NA,NA,NA,NA,polychaete,None
Annelida,245,f60de0276345485ea79d0f48c664a8186fffdaa1,Metazoa,Polychaeta,NA,NA,NA,Polychaeta sp. NB-Po356,NA,NA,NA,NA,polychaete,None
Apusomonadidae,21,a9069abd86779b20dfae6c077bb8d38728dcb26c,Apusozoa,NA,NA,Apusomonadidae,Thecamonas,Thecamonas trahens,NA,NA,NA,3,flagellate,PLK
Arthropoda,460,d30be4a635410b831c6a2ae3cbc25edb302bd741,Metazoa,Hexanauplia,Sessilia,Balanidae,Balanus,Balanus glandula,High Mg Calcite,High Mg Calcite,species,3,crustacean,BEN
Arthropoda,460,b264612d43af5a13d95043e41b1ea19da2844fb9,Metazoa,Hexanauplia,Calanoida,Centropagidae,Centropages,Centropages abdominalis,No mineralization,No mineralization,species,3,copepod,PLK
Arthropoda,460,386626cd28e28a27952721d6c0eaa2ffc5cb88ae,Metazoa,Malacostraca,Decapoda,Varunidae,Hemigrapsus,Hemigrapsus oregonensis,"High Mg Calcite, Amorphous","High Mg Calcite, Amorphous",species,3,crab,BEN
Arthropoda,460,ebaccffde6849cb6c317f6d2e476b5e202c7fadf,Metazoa,Hexanauplia,Calanoida,Calanidae,Calanus,Calanus pacificus,No mineralization,No mineralization,species,3,copepod,PLK
Arthropoda,460,7310dcc0eabb15f0cde907e72f2aafb52096d131,Metazoa,Hexanauplia,Calanoida,Acartiidae,Acartia,Acartia longiremis,No mineralization,No mineralization,species,3,copepod,PLK
Arthropoda,460,da4d786be07787b1a967d25820675a0e7afb580e,Metazoa,Hexanauplia,Calanoida,Tortanidae,Tortanus,Tortanus discaudatus,No mineralization,No mineralization,species,3,copepod,PLK
Arthropoda,460,3c75a77dca10c472e7abd3482d3cf288f7fb5fe5,Metazoa,Hexanauplia,Calanoida,Metridinidae,Metridia,Metridia pacifica,No mineralization,No mineralization,species,3,copepod,PLK
Arthropoda,460,0d5a2b9078937a5f710bae6768072e3908ce7f58,Metazoa,Branchiopoda,Diplostraca,Podonidae,Evadne,Evadne nordmanni,No mineralization,No mineralization,species,3,crustacean,PLK
Arthropoda,460,54dda2ea40a2d90274b69eedb61e89639914ad70,Metazoa,Malacostraca,Euphausiacea,Euphausiidae,Thysanoessa,Thysanoessa raschii,"High Mg Calcite, Amorphous","High Mg Calcite, Amorphous",species,3,krill,PLK
Arthropoda,460,e63d3c091e12d586719f5c48eae4b5491940fcfd,Metazoa,Hexanauplia,Calanoida,Eucalanidae,Eucalanus,Eucalanus bungii,No mineralization,No mineralization,species,3,copepod,PLK
Arthropoda,460,17585e5fc601ba25d02d211cce3435af5a395c4d,Metazoa,Hexanauplia,Calanoida,Clausocalanidae,Pseudocalanus,Pseudocalanus newmani,No mineralization,No mineralization,genus,3,copepod,PLK
Arthropoda,460,6bbff57ab7b2a988e677591358a40af06d7413d0,Metazoa,Hexanauplia,Sessilia,Balanidae,Balanus,Balanus balanus,High Mg Calcite,High Mg Calcite,genus,3,crustacean,BEN
Arthropoda,460,a541fd228ef7d1d712ad202623c1590a3c883377,Metazoa,Hexanauplia,Calanoida,Paracalanidae,Paracalanus,Paracalanus sp. C AC-2013,No mineralization,No mineralization,genus,3,copepod,PLK
Arthropoda,460,53ef3bf43f9a9995f44cff3eb621e685f43dd887,Metazoa,Hexanauplia,Calanoida,Clausocalanidae,Pseudocalanus,Pseudocalanus moultoni,No mineralization,No mineralization,genus,3,copepod,PLK
Arthropoda,460,e6928c0768a540d0682fa85d5ea4cc8bb3f30fe0,Metazoa,Hexanauplia,Calanoida,Clausocalanidae,Pseudocalanus,Pseudocalanus acuspes,No mineralization,No mineralization,genus,3,copepod,PLK
Arthropoda,460,74fea00423c69e46f5f59c6088febdf0e324db0b,Metazoa,Hexanauplia,Calanoida,Acartiidae,Acartia,Acartia californiensis,No mineralization,No mineralization,genus,3,copepod,PLK
Arthropoda,460,210bc1b091892cccfaec34166993dca9f2e9caef,Metazoa,Hexanauplia,Calanoida,Clausocalanidae,Pseudocalanus,Pseudocalanus mimus,No mineralization,No mineralization,genus,3,copepod,PLK
Arthropoda,460,2d12bf26417f825d1f2208cf7bfcfe4716023904,Metazoa,Hexanauplia,Calanoida,Calanidae,Calanus,Calanus glacialis,No mineralization,No mineralization,genus,3,copepod,PLK
Arthropoda,460,514249f31e1be272a03ef63b519e0721ddef2584,Metazoa,Hexanauplia,Cyclopoida,Cyclopidae,Megacyclops,Megacyclops viridis,No mineralization,No mineralization,family,3,copepod,PLK
Arthropoda,460,b913bf7aad6e9b8117e5e240a1aefc0a962997d5,Metazoa,Hexanauplia,Cyclopoida,Cyclopidae,Halicyclops,Halicyclops itohi,No mineralization,No mineralization,family,3,copepod,PLK
Arthropoda,460,cee12c930bbdc350edb02dfa8b4d64048885df7f,Metazoa,Hexanauplia,Harpacticoida,Ectinosomatidae,Pseudobradya,Pseudobradya attenuata,No mineralization,No mineralization,family,3,copepod,PLK
Arthropoda,460,2a467913d5751f2ac544ca7bba4b09ed0813def5,Metazoa,Insecta,Diptera,Chironomidae,Orthocladius,Orthocladius sp. BOLD-2016,NA,NA,NA,"3, insect",fly,None
Arthropoda,460,419cd299ee09537cc438eb3509ebd19816190259,Metazoa,Insecta,Diptera,Chironomidae,NA,Chironomidae sp. BOLD:ACC1767,NA,NA,NA,"3, insect",fly,None
Arthropoda,460,e553d555493a3cc20f43ffa9a4acf7432e2cb1ff,Metazoa,Insecta,Diptera,Chironomidae,Clunio,Clunio tsushimensis,NA,NA,NA,"3, insect",fly,None
Arthropoda,460,6f09afda42df08e5dbcce46aaa716e3203c03cf9,Metazoa,Malacostraca,Amphipoda,Corophiidae,Monocorophium,Monocorophium acherusicum,"High Mg Calcite, Amorphous","High Mg Calcite, Amorphous",species,undetermined,undetermined,BEN
Arthropoda,460,a0e0ca461c55fe2fa715aa849ba3e299f0b417d5,Metazoa,Malacostraca,Decapoda,Cancridae,Cancer,Cancer productus,"High Mg Calcite, Amorphous","High Mg Calcite, Amorphous",species,undetermined,undetermined,BEN
Arthropoda,460,3b86a8af70ee3ae734e65aed41f36d6169e3f60a,Metazoa,Insecta,Lepidoptera,Oecophoridae,Chrysonoma,Chrysonoma sp. ANIC15,NA,NA,NA,"3, insect",undetermined,None
Arthropoda,460,92fccadd26753ee10e624dc7546017c54dc5722f,Metazoa,Malacostraca,Isopoda,Tylidae,Tylos,Tylos sp. clade D MM-2013,NA,NA,NA,undetermined,undetermined,BEN
Arthropoda,460,c8b11f6f6ea91f5e8d6982c7e6ecddb643d93f2f,Metazoa,Hexanauplia,Sessilia,Chthamalidae,Chthamalus,Chthamalus dalli,High Mg Calcite,High Mg Calcite,species,undetermined,undetermined,BEN
Arthropoda,460,0124f9c1e949536ce587cd038df6e6f635a8a7d8,Metazoa,Hexanauplia,Cyclopoida,Mytilicolidae,Mytilicola,Mytilicola orientalis,No mineralization,No mineralization,species,3,copepod,PLK
Arthropoda,460,50d5a9979ab596712cae09ab233c9081bb56bfa8,Metazoa,Hexanauplia,Kentrogonida,Sacculinidae,Loxothylacus,Loxothylacus panopaei,High Mg Calcite,High Mg Calcite,species,undetermined,undetermined,None
Arthropoda,460,e56397b8e570129548d432a793614ba77c8a0b74,Metazoa,Hexanauplia,Sessilia,Archaeobalanidae,Semibalanus,Semibalanus cariosus,High Mg Calcite,High Mg Calcite,species,undetermined,undetermined,BEN
Arthropoda,460,71358993d181845a897ce83e02c218fe18c41cef,Metazoa,Hexanauplia,Harpacticoida,Ameiridae,Nitokra,Nitokra spinipes,NA,NA,NA,undetermined,copepod,PLK
Arthropoda,460,0c80c3d1c3e4ea78badcbf7c4532267fb7f45d81,Metazoa,Hexanauplia,Kentrogonida,Peltogastridae,Peltogaster,Peltogaster paguri,NA,NA,NA,undetermined,undetermined,None
Arthropoda,460,d37588427486d34075380da02e16453d4ee919c2,Metazoa,Hexanauplia,Poecilostomatoida,Splanchnotrophidae,Ismaila,Ismaila chaihuiensis,NA,NA,NA,undetermined,undetermined,None
Arthropoda,460,3a505be3cd83de376c0cdab1ddfe720a8f4ce8bb,Metazoa,Hexanauplia,Harpacticoida,Miraciidae,Stenhelia,Stenhelia pubescens,NA,NA,NA,undetermined,copepod,PLK
Arthropoda,460,586b5ccb86e1266dc4fbddeda2488b846b14c3b8,Metazoa,Hexanauplia,Harpacticoida,NA,NA,Harpacticoida sp. DNZ085,NA,NA,NA,NA,copepod,PLK
Arthropoda,460,a14d493abcb3b525eb449d241bd2564ca50eba6f,Metazoa,Insecta,NA,NA,NA,Psocoptera sp. BOLD:ACB0984,NA,NA,NA,"3, insect",undetermined,None
Ascomycota,49,6bc93b2e3701300c6d46e4768655b3cbd48866ec,Fungi,Eurotiomycetes,Eurotiales,Aspergillaceae,Penicillium,Penicillium rubens,NA,NA,NA,fungi,fungi,None
Ascomycota,49,aa8b0ce33e16af373b209f04674bec43c9ee6f31,Fungi,Eurotiomycetes,Eurotiales,Aspergillaceae,Penicillium,Penicillium sclerotiorum,NA,NA,NA,fungi,fungi,None
Ascomycota,49,a566f80160f3d98959c304573b8c6ec70dea0d9b,Fungi,Sordariomycetes,Hypocreales,Cordycipitaceae,Cordyceps,Cordyceps militaris,NA,NA,NA,fungi,fungi,None
Ascomycota,49,14cc7e45d30a7a560a941d41550d65669273de37,Fungi,Eurotiomycetes,Chaetothyriales,Herpotrichiellaceae,Cladophialophora,Cladophialophora bantiana,NA,NA,NA,fungi,fungi,None
Ascomycota,49,15df11e1817d0c855643ad74236463117d673f34,Fungi,Leotiomycetes,Helotiales,Chaetomellaceae,Synchaetomella,Synchaetomella acerina,NA,NA,NA,fungi,fungi,None
Ascomycota,49,359babd3ef65d5e24df34ce3922530579dcbab25,Fungi,Lecanoromycetes,Lecanorales,Parmeliaceae,Hypogymnia,Hypogymnia vittata,NA,NA,NA,fungi,fungi,None
Ascomycota,49,f133e70abb5c426a474820d436ac9b57b6591525,Fungi,Sordariomycetes,Hypocreales,Nectriaceae,Dialonectria,Dialonectria episphaeria,NA,NA,NA,fungi,fungi,None
Ascomycota,49,9338ed87b44573795d41524372ee15bfcc49364d,Fungi,Leotiomycetes,Helotiales,Helotiaceae,Articulospora,Articulospora tetracladia,NA,NA,NA,fungi,fungi,None
Ascomycota,49,ae6e88dd9c1588a44572412d9bbc99005a7fcd2d,Fungi,Leotiomycetes,Helotiales,Helotiaceae,Glarea,Glarea lozoyensis,NA,NA,NA,fungi,fungi,None
Ascomycota,49,fc9fed56b0203902b5eff4eca28b358d4419813a,Fungi,Saccharomycetes,Saccharomycetales,Dipodascaceae,Galactomyces,Galactomyces candidum,NA,NA,NA,fungi,fungi,None
Ascomycota,49,fc206c8dd24815230bec06dab9b89c7b31e3a7e0,Fungi,Sordariomycetes,Hypocreales,NA,Sarocladium,Sarocladium implicatum,NA,NA,NA,fungi,fungi,None
Ascomycota,49,401143c51643cb02d2e3bbe748b924ef64172205,Fungi,Leotiomycetes,NA,NA,Acremonium,Acremonium cf. chrysogenum DAOM 226667,NA,NA,NA,fungi,fungi,None
Bacillariophyta,1423,0668d1d92655b0cf087703f51ea108e6eae86fd4,Stramenopiles,Coscinodiscophyceae,Thalassiosirales,Thalassiosiraceae,Thalassiosira,Thalassiosira nordenskioeldii,Non-CaCO3 mineral,Non-CaCO3 mineral,species,1,diatom,PLK
Bacillariophyta,1423,cc31829956f99898e6346ea28c395954ce5c56a9,Stramenopiles,Coscinodiscophyceae,Chaetocerotales,Chaetocerotaceae,Chaetoceros,Chaetoceros socialis,Non-CaCO3 mineral,Non-CaCO3 mineral,species,1,diatom,PLK
Bacillariophyta,1423,6667a9090bbbf900fc104f144a3f52c731a6e20a,Stramenopiles,Coscinodiscophyceae,Thalassiosirales,Thalassiosiraceae,Thalassiosira,Thalassiosira punctigera,Non-CaCO3 mineral,Non-CaCO3 mineral,species,1,diatom,PLK
Bacillariophyta,1423,d21137b6a1acb9f0513ec20b4fb777f3188c446c,Stramenopiles,Coscinodiscophyceae,Thalassiosirales,Skeletonemataceae,Skeletonema,Skeletonema dohrnii,Non-CaCO3 mineral,Non-CaCO3 mineral,genus,1,diatom,PLK
Bacillariophyta,1423,b25da10caa7a59ab3852397e0225b2d6b06baf06,Stramenopiles,Coscinodiscophyceae,Chaetocerotales,Chaetocerotaceae,Chaetoceros,Chaetoceros sp. MBTD-CMFRI-S062,Non-CaCO3 mineral,Non-CaCO3 mineral,genus,1,diatom,PLK
Bacillariophyta,1423,0a6c39c31b47ebe9d9f2ba838244afc7f3617ffd,Stramenopiles,Coscinodiscophyceae,Thalassiosirales,Skeletonemataceae,Skeletonema,Skeletonema japonicum,Non-CaCO3 mineral,Non-CaCO3 mineral,genus,1,diatom,PLK
Bacillariophyta,1423,48238b65055a8a65e88dcab3a9c221a4a21c94fb,Stramenopiles,Coscinodiscophyceae,Thalassiosirales,Skeletonemataceae,Skeletonema,Skeletonema cf. pseudocostatum,Non-CaCO3 mineral,Non-CaCO3 mineral,genus,1,diatom,PLK
Bacillariophyta,1423,5595d03ddc0fe44e3f2ff144397fa110af605279,Stramenopiles,Coscinodiscophyceae,Chaetocerotales,Chaetocerotaceae,Chaetoceros,Chaetoceros sp. MBTD-CMFRI-S045,Non-CaCO3 mineral,Non-CaCO3 mineral,genus,1,diatom,PLK
Bacillariophyta,1423,1f13f7394b884ffdf4d25c0595e24ac673000d2f,Stramenopiles,Coscinodiscophyceae,Thalassiosirales,Thalassiosiraceae,Thalassiosira,Thalassiosira pseudonana,Non-CaCO3 mineral,Non-CaCO3 mineral,genus,1,diatom,PLK
Bacillariophyta,1423,00616a421c92928530cd4f6653722e00616d21e7,Stramenopiles,Coscinodiscophyceae,Rhizosoleniales,Rhizosoleniaceae,Rhizosolenia,Rhizosolenia setigera,Non-CaCO3 mineral,Non-CaCO3 mineral,species,1,diatom,PLK
Bacillariophyta,1423,f2c557df3514fc8e0ed431a8826155df05706c32,Stramenopiles,Fragilariophyceae,Thalassionemales,Thalassionemataceae,Thalassionema,Thalassionema nitzschioides,Non-CaCO3 mineral,Non-CaCO3 mineral,species,1,diatom,PLK
Bacillariophyta,1423,87d36b743aa038ef851a63d5a6c337fadcdc8b8f,Stramenopiles,Coscinodiscophyceae,Coscinodiscales,Coscinodiscaceae,Coscinodiscus,Coscinodiscus wailesii,Non-CaCO3 mineral,Non-CaCO3 mineral,species,1,diatom,PLK
Bacillariophyta,1423,682f91d9a735416ae4c048d3321d210adf363d65,Stramenopiles,Bacillariophyceae,Bacillariales,Bacillariaceae,Nitzschia,Nitzschia longissima,Non-CaCO3 mineral,Non-CaCO3 mineral,species,1,diatom,PLK
Bacillariophyta,1423,1dd0877fe62a2372afb11c17e5ab2f19da812782,Stramenopiles,Coscinodiscophyceae,Melosirales,Stephanopyxidaceae,Stephanopyxis,Stephanopyxis turris,Non-CaCO3 mineral,Non-CaCO3 mineral,species,1,diatom,PLK
Bacillariophyta,1423,17d550ce9e88e37e1e9aff9e4da7b6fff0c92532,Stramenopiles,Coscinodiscophyceae,Melosirales,Melosiraceae,Melosira,Melosira nummuloides,Non-CaCO3 mineral,Non-CaCO3 mineral,genus,1,diatom,PLK
Bacillariophyta,1423,c9ea56e8f469d0252c2a3944c7f9990ba143a838,Stramenopiles,Bacillariophyceae,Naviculales,Naviculaceae,Navicula,Navicula ramosissima,Non-CaCO3 mineral,Non-CaCO3 mineral,genus,1,diatom,PLK
Bacillariophyta,1423,1c22ea8f147aef723fdd44b69e0ec480603a3073,Stramenopiles,Bacillariophyceae,Naviculales,Naviculaceae,Navicula,Navicula cryptocephala,Non-CaCO3 mineral,Non-CaCO3 mineral,genus,1,diatom,PLK
Bacillariophyta,1423,c3ffab46c47658c5f11f129344c416384dfffb68,Stramenopiles,Bacillariophyceae,Bacillariales,Bacillariaceae,Nitzschia,Nitzschia cf. promare,Non-CaCO3 mineral,Non-CaCO3 mineral,genus,1,diatom,PLK
Bacillariophyta,1423,a76c83ec3911e7aacf44afa67bba432971c91426,Stramenopiles,Bacillariophyceae,Naviculales,Naviculaceae,Navicula,Navicula sp. BOLD:AAO6951,Non-CaCO3 mineral,Non-CaCO3 mineral,genus,1,diatom,PLK
Bacillariophyta,1423,de47b73c7ba916243c257d99872d0d56c99fafb7,Stramenopiles,Bacillariophyceae,Bacillariales,Bacillariaceae,Nitzschia,Nitzschia palea,Non-CaCO3 mineral,Non-CaCO3 mineral,genus,1,diatom,BEN
Bacillariophyta,1423,e9541d73275e63b41902fc1beb597861d37d7009,Stramenopiles,Bacillariophyceae,Bacillariales,Bacillariaceae,Nitzschia,Nitzschia cf. recta RT-2009,Non-CaCO3 mineral,Non-CaCO3 mineral,genus,1,diatom,PLK
Bacillariophyta,1423,0b957310e0558e49601366437d9e915e7b3722c1,Stramenopiles,Bacillariophyceae,Naviculales,Naviculaceae,Navicula,Navicula sp. BOLD:AAO6950,Non-CaCO3 mineral,Non-CaCO3 mineral,genus,1,diatom,PLK
Bacillariophyta,1423,db65972544a4360df1927aefbcf492d6ef1a0cf3,Stramenopiles,Bacillariophyceae,Naviculales,Naviculaceae,Navicula,Navicula glaciei,Non-CaCO3 mineral,Non-CaCO3 mineral,genus,1,diatom,PLK
Bacillariophyta,1423,66e1a14cece254691e0d8492b1047290eb79ae6c,Stramenopiles,Bacillariophyceae,Naviculales,Naviculaceae,Navicula,Navicula sp. BOLD:AAO6949,Non-CaCO3 mineral,Non-CaCO3 mineral,genus,1,diatom,PLK
Bacillariophyta,1423,3eefc5e18d830ebe40ddf1bf64cc1413263fd166,Stramenopiles,Coscinodiscophyceae,Melosirales,Melosiraceae,Melosira,Melosira ambiqua,Non-CaCO3 mineral,Non-CaCO3 mineral,genus,1,diatom,PLK
Bacillariophyta,1423,9422e03ead34645fb79123aae2e8d505a71fc1a2,Stramenopiles,Bacillariophyceae,Cymbellales,Gomphonemataceae,Gomphonema,Gomphonema clevei,NA,NA,NA,1,algae,BEN
Bacillariophyta,1423,d113cdbaabc75e0ec274dddff56e7e927f73fd8d,Stramenopiles,Bacillariophyceae,Cymbellales,Gomphonemataceae,Gomphonema,Gomphonema parvulum,NA,NA,NA,1,algae,BEN
Bacillariophyta,1423,dfd485908c0d0eb49412762a8c0312de3f787c44,Stramenopiles,Bacillariophyceae,Naviculales,Pinnulariaceae,Pinnularia,Pinnularia sp. 5 CS-2011,NA,NA,NA,undetermined,undetermined,BEN
Bacillariophyta,1423,b4103a73614cec7d6b5480432c6df9b6c8fe5c9d,Stramenopiles,Bacillariophyceae,Naviculales,Pinnulariaceae,Pinnularia,Pinnularia acrosphaeria,NA,NA,NA,undetermined,undetermined,BEN
Bacillariophyta,1423,d7f06f21562d0ffdfc03741ed8338dd5641b82f2,Stramenopiles,Bacillariophyceae,Naviculales,Pinnulariaceae,Pinnularia,Pinnularia parvulissima,NA,NA,NA,undetermined,undetermined,BEN
Bacillariophyta,1423,4c9cd53567fb1cc963cf83c58458dfd79dc4e053,Stramenopiles,Bacillariophyceae,Naviculales,Pinnulariaceae,Pinnularia,Pinnularia subanglica,NA,NA,NA,undetermined,undetermined,BEN
Bacillariophyta,1423,c5cbf370a4a5071e8fcff0863048524a4f0c1698,Stramenopiles,Bacillariophyceae,Bacillariales,Bacillariaceae,Cylindrotheca,Cylindrotheca closterium,Non-CaCO3 mineral,Non-CaCO3 mineral,species,1,diatom,BEN
Bacillariophyta,1423,8cdc86e1938f88ff8379a39f9da5e8a403259c2f,Stramenopiles,Fragilariophyceae,Fragilariales,Fragilariaceae,Asterionellopsis,Asterionellopsis glacialis,Non-CaCO3 mineral,Non-CaCO3 mineral,species,1,"algae, brown",PLK
Bacillariophyta,1423,d40b7574c01ee56d73eb6dc25f544a9b1e04c865,Stramenopiles,Bacillariophyceae,Bacillariales,Bacillariaceae,Pseudo-nitzschia,Pseudo-nitzschia delicatissima,Non-CaCO3 mineral,Non-CaCO3 mineral,genus,1,diatom,PLK
Bacillariophyta,1423,681db8fc0e0e02a2c767b281db0cdf03d451dec6,Stramenopiles,Fragilariophyceae,Fragilariales,Fragilariaceae,Asterionellopsis,Asterionellopsis guyunusae,Non-CaCO3 mineral,Non-CaCO3 mineral,genus,1,"algae, brown",PLK
Bacillariophyta,1423,91e81219e104ba7c6eb207c560e1929b89d63fcb,Stramenopiles,Bacillariophyceae,Bacillariales,Bacillariaceae,Cylindrotheca,Cylindrotheca fusiformis,Non-CaCO3 mineral,Non-CaCO3 mineral,genus,1,diatom,BEN
Bacillariophyta,1423,4e584bddfd0f137937ad3cf9dcb09560936aa6e2,Stramenopiles,Bacillariophyceae,Bacillariales,Bacillariaceae,Pseudo-nitzschia,Pseudo-nitzschia hasleana,Non-CaCO3 mineral,Non-CaCO3 mineral,genus,1,diatom,PLK
Bacillariophyta,1423,95ff4612e044ce701224559161b0fee270440df0,Stramenopiles,Bacillariophyceae,Bacillariales,Bacillariaceae,Pseudo-nitzschia,Pseudo-nitzschia cuspidata,Non-CaCO3 mineral,Non-CaCO3 mineral,genus,1,diatom,PLK
Bacillariophyta,1423,b9d0ea5aedd20587ed0915a9d0db054403e12ee6,Stramenopiles,Fragilariophyceae,Fragilariales,Fragilariaceae,Asterionellopsis,Asterionellopsis tropicalis,Non-CaCO3 mineral,Non-CaCO3 mineral,genus,1,"algae, brown",PLK
Bacillariophyta,1423,c569dc88b4317e493987fecd0ecd46b385ecf112,Stramenopiles,Bacillariophyceae,Naviculales,Naviculaceae,Haslea,Haslea ostrearia,Non-CaCO3 mineral,Non-CaCO3 mineral,family,1,diatom,PLK
Bacillariophyta,1423,e76c4d005a5220e71b2798ac024032cd984d4af0,Stramenopiles,Fragilariophyceae,Fragilariales,Fragilariaceae,Grammonema,Grammonema striatula,Non-CaCO3 mineral,Non-CaCO3 mineral,family,1,"algae, brown",PLK
Bacillariophyta,1423,3eb73dc36c460aa1422b27a840126a35f54c90c5,Stramenopiles,Bacillariophyceae,Naviculales,Naviculaceae,Mayamaea,Mayamaea permitis,Non-CaCO3 mineral,Non-CaCO3 mineral,family,1,diatom,PLK
Bacillariophyta,1423,d74e20176e457bdeb455a6e10f3b9d6285a59aa1,Stramenopiles,Bacillariophyceae,Naviculales,Naviculaceae,Fistulifera,Fistulifera solaris,Non-CaCO3 mineral,Non-CaCO3 mineral,family,1,diatom,PLK
Bacillariophyta,1423,54312d913f5f7920bd8060be0fb554dfdfa3f5fc,Stramenopiles,Bacillariophyceae,Naviculales,Naviculaceae,Fistulifera,Fistulifera pelliculosa,Non-CaCO3 mineral,Non-CaCO3 mineral,family,1,diatom,PLK
Bacillariophyta,1423,90d1947e2193ff6dd89e56f3bce0cabd7b839a09,Stramenopiles,Bacillariophyceae,Cymbellales,Cymbellaceae,Placoneis,Placoneis sp. WJS-2015a,NA,NA,NA,undetermined,undetermined,BEN
Bacillariophyta,1423,223a220178734017a25d5932cf30f478aae29b05,Stramenopiles,Coscinodiscophyceae,Chaetocerotales,Attheyaceae,Attheya,Attheya longicornis,NA,NA,NA,1,diatom,PLK
Bacillariophyta,1423,f00b49687ddb422c33e27fddd1549bb669875b3e,Stramenopiles,Coscinodiscophyceae,Melosirales,Hyalodiscaceae,Podosira,Podosira stelligera,NA,NA,NA,1,diatom,PLK
Bacillariophyta,1423,2667b08ada5571ddb55f29226fa8b75acae3df12,Stramenopiles,Bacillariophyceae,Naviculales,Sellaphoraceae,Sellaphora,Sellaphora pupula,NA,NA,NA,undetermined,undetermined,BEN
Bacillariophyta,1423,dfeecc9760adb70dd8a415b8870ea4142455ae61,Stramenopiles,Mediophyceae,Triceratiales,Plagiogrammaceae,Plagiogramma,Plagiogramma sp. IAL-2014a,NA,NA,NA,undetermined,undetermined,BEN
Bacillariophyta,1423,3baa3180627130b64b141b8f5f555b46818ed034,Stramenopiles,Bacillariophyceae,Naviculales,Sellaphoraceae,Sellaphora,Sellaphora bacillum,NA,NA,NA,undetermined,undetermined,BEN
Bacillariophyta,1423,a318b5b4b76abc8a009bff4063cc65f94f68f7b6,Stramenopiles,Mediophyceae,Lithodesmiales,Lithodesmiaceae,Ditylum,Ditylum brightwellii,Non-CaCO3 mineral,Non-CaCO3 mineral,species,1,algae,PLK
Bacillariophyta,1423,0e7017ec97772687a238df6c987629206c6f698c,Stramenopiles,Mediophyceae,Hemiaulales,Hemiaulaceae,Eucampia,Eucampia zodiacus,Non-CaCO3 mineral,Non-CaCO3 mineral,species,1,diatom,PLK
Bacillariophyta,1423,5ae1341da7ed3b29f88201563c85b12b0112a65a,Stramenopiles,Mediophyceae,Cymatosirales,Cymatosiraceae,Minutocellus,Minutocellus polymorphus,NA,NA,NA,1,diatom,PLK
Bacillariophyta,1423,4f56fd49dd798ec5bb8045bb20e6ec4ae0892cf4,Stramenopiles,Coscinodiscophyceae,Chaetocerotales,Chaetocerotaceae,Chaetoceros,NA,Non-CaCO3 mineral,Non-CaCO3 mineral,genus,1,diatom,PLK
Bangiophyceae,68,0398d65193da50a353ba3299eab7ad014139fb39,Rhodophyta,Bangiophyceae,Bangiales,Bangiaceae,Pyropia,Pyropia perforata,No mineralization,No mineralization,species,1,"algae, red",BEN
Bangiophyceae,68,8b840ebf9be71fa8c1742747bb135b1d419c2f24,Rhodophyta,Bangiophyceae,Bangiales,Bangiaceae,Pyropia,Pyropia fallax,No mineralization,No mineralization,species,1,"algae, red",BEN
Bangiophyceae,68,46d2a64a8cbef14ff349ac80418c17419173fdbb,Rhodophyta,Bangiophyceae,Bangiales,Bangiaceae,Pyropia,Pyropia nereocystis,No mineralization,No mineralization,species,1,"algae, red",BEN
Bangiophyceae,68,bb1d8cdcf0e61d15679d93a8a4be5db80379bc83,Rhodophyta,Bangiophyceae,Bangiales,Bangiaceae,Pyropia,Pyropia haitanensis,No mineralization,No mineralization,genus,1,"algae, red",BEN
Bangiophyceae,68,c1a67e67b62d836c1f4931f2cd4baa3bcf88d19e,Rhodophyta,Bangiophyceae,Bangiales,Bangiaceae,Wildemania,Wildemania amplissima,No mineralization,No mineralization,genus,1,"algae, red",BEN
Bangiophyceae,68,483a5a52175215fc346c4d6118fbe0647e2283ef,Rhodophyta,Bangiophyceae,Bangiales,Bangiaceae,Wildemania,Wildemania sp. 5POR,No mineralization,No mineralization,genus,1,"algae, red",BEN
Bangiophyceae,68,b83c4e9a46aa866fa1cab7f6f392958fbe6680ce,Rhodophyta,Bangiophyceae,Bangiales,Bangiaceae,Wildemania,Wildemania sp. HK-2011,No mineralization,No mineralization,genus,1,"algae, red",BEN
Basidiomycota,11,1dbc86d67295c0e72afdfb00d7d89771966ea6f3,Fungi,Microbotryomycetes,Sporidiobolales,Sporidiobolaceae,Rhodotorula,Rhodotorula taiwanensis,NA,NA,NA,fungi,fungi,None
Bicosoecida,6,6404f3fa9d01405dad113b2d23029c9c90bbc531,Stramenopiles,NA,Bicosoecida,Cafeteriaceae,Cafeteria,Cafeteria roenbergensis,NA,NA,NA,3,flagellate,BEN
Blastocladiomycota,29,4b9195c37c8ce1627b68ef62f0d94d13a337f8f8,Fungi,Blastocladiomycetes,Blastocladiales,Blastocladiaceae,Blastocladiella,Blastocladiella emersonii,NA,NA,NA,fungi,fungi,None
Brachiopoda,2,474de3b8d608ab6fbd912a81481133d4c6b475ea,Metazoa,NA,NA,NA,Phoronopsis,Phoronopsis harmeri,No mineralization,No mineralization,species,NA,NA,BEN
Bryozoa,34,3cd7ffe0e7e2ebb06b146418a6ca394477c6454f,Metazoa,Gymnolaemata,Cheilostomatida,Membraniporidae,Membranipora,Membranipora membranacea,"Aragonite, Calcite","Aragonite, Calcite",species,3,bryozoan,BEN
Bryozoa,34,a111e09d3b9718208a4185b51c9ce5362d4763f0,Metazoa,Gymnolaemata,Ctenostomatida,Vesiculariidae,Amathia,Amathia vidovici,No mineralization,No mineralization,family,3,bryozoan,BEN
Cercozoa,4,da1b7df21569fdcd247dfe83f3730568273fed92,Rhizaria,NA,Euglyphida,Cyphoderiidae,Cyphoderia,Cyphoderia cf. compressa,NA,NA,NA,NA,NA,PLK
Cercozoa,4,6ef51810abe57ee99fcaf7d2eb219c57a96aa307,Rhizaria,NA,Plasmodiophorida,Plasmodiophoridae,Spongospora,Spongospora subterranea,NA,NA,NA,NA,NA,PLK
Chlorophyta,300,52ac6f8082f0cfa8b07863f388b5c15ef1ccb145,Viridiplantae,Mamiellophyceae,Mamiellales,Mamiellaceae,Micromonas,Micromonas pusilla,NA,NA,NA,1,"algae, green",PLK
Chlorophyta,300,11a112ced1c85e620f6d97d82281a1bb58614e67,Viridiplantae,Mamiellophyceae,Mamiellales,Bathycoccaceae,Bathycoccus,Bathycoccus prasinos,NA,NA,NA,1,algae,PLK
Chlorophyta,300,d91e4f5a7edc004a4ac60506d91bf2a3ed5b17f1,Viridiplantae,NA,NA,Pycnococcaceae,Pycnococcus,Pycnococcus provasolii,NA,NA,NA,1,"algae, green",PLK
Chlorophyta,300,7e2ce688a7fe30fe17aa58b5e4b684f665b360d8,Viridiplantae,Mamiellophyceae,Dolichomastigales,Dolichomastigaceae,Dolichomastix,Dolichomastix tenuilepis,NA,NA,NA,1,"algae, green",PLK
Chlorophyta,300,09d16eb32cdd4760c348a0f9042951bffd8e299e,Viridiplantae,Trebouxiophyceae,Trebouxiales,NA,Trebouxia,Trebouxia aggregata,NA,NA,NA,1,"algae, green",PLK
Chlorophyta,300,97ea6dad04c3a91e3f4296d44df07eb62a92b632,Viridiplantae,NA,Pyramimonadales,NA,Pyramimonas,Pyramimonas parkeae,No mineralization,No mineralization,species,undetermined,undetermined,PLK
Chlorophyta,300,6ac00f203d56255090ad6a9df316573dfb7ade1c,Viridiplantae,Palmophyllophyceae,Prasinococcales,NA,Prasinoderma,Prasinoderma coloniale,NA,NA,NA,undetermined,undetermined,PLK
Chlorophyta,300,4db7fc5cafa31f3cd393e04977faead7e2eec40e,Viridiplantae,NA,Pyramimonadales,NA,Cymbomonas,Cymbomonas tetramitiformis,NA,NA,NA,undetermined,undetermined,PLK
Chordata,157,dea4237b6dd9c7285b505019035d80dfb716b877,Metazoa,Actinopteri,Pleuronectiformes,Pleuronectidae,Platichthys,Platichthys stellatus,Vertebrate,Vertebrate,species,3,"fish, benthic",BEN
Chordata,157,ffa9af3c2e6fcacb587d5aa3b7b6b27b726ffdfb,Metazoa,Actinopteri,NA,Embiotocidae,Cymatogaster,Cymatogaster aggregata,Vertebrate,Vertebrate,species,3,"fish, midwater",PLK
Chordata,157,2a59dffd9852b6d4db1eebb07107e68b8f9382d9,Metazoa,Actinopteri,Pleuronectiformes,Paralichthyidae,Citharichthys,Citharichthys sordidus,Vertebrate,Vertebrate,species,3,"fish, benthic",BEN
Chordata,157,344467a60c385dcb1665556874a4309471e827cd,Metazoa,Aves,Galliformes,Phasianidae,Gallus,Gallus gallus,NA,NA,NA,"3, non-marine",fowl,None
Chordata,157,602ff7a7f7fcbddb3436c01d5dad03e69b7ca06d,Metazoa,Actinopteri,Batrachoidiformes,Batrachoididae,Porichthys,Porichthys notatus,Vertebrate,Vertebrate,species,undetermined,undetermined,BEN
Chordata,157,2b7277cd2832663c69145711f7eccfc6f45d5f12,Metazoa,Ascidiacea,Stolidobranchia,Styelidae,Botrylloides,Botrylloides violaceus,No mineralization,No mineralization,species,3,tunicate,BEN
Chordata,157,bc05e30242eb908d09ed41d9387852aa805762c0,Metazoa,Actinopteri,Gobiiformes,Gobiidae,Rhinogobiops,Rhinogobiops nicholsii,Vertebrate,Vertebrate,species,undetermined,undetermined,BEN
Chordata,157,4b7f78065a8f5fe8ee11138959cfdc1b110f979f,Metazoa,Actinopteri,Perciformes,Cottidae,Enophrys,Enophrys bison,Vertebrate,Vertebrate,species,undetermined,undetermined,BEN
Chordata,157,e8ee68aa90303a35624aef553962c5af269d0e99,Metazoa,Actinopteri,Salmoniformes,Salmonidae,Oncorhynchus,Oncorhynchus tshawytscha,Vertebrate,Vertebrate,species,undetermined,undetermined,PLK
Chordata,157,97637b3b3617dae19c95a09777be76181191bf63,Metazoa,Actinopteri,Osmeriformes,Osmeridae,Hypomesus,Hypomesus pretiosus,Vertebrate,Vertebrate,species,undetermined,undetermined,PLK
Chordata,157,5849e601a7132ed5458d0f1a7ed94b5c83c71b74,Metazoa,Actinopteri,Salmoniformes,Salmonidae,Oncorhynchus,Oncorhynchus keta,Vertebrate,Vertebrate,species,undetermined,undetermined,PLK
Chordata,157,3e78388f57123893f6ce2171843af16a80349404,Metazoa,Actinopteri,Uranoscopiformes,Ammodytidae,Ammodytes,Ammodytes hexapterus,Vertebrate,Vertebrate,species,undetermined,undetermined,BEN
Chordata,157,24067aaaff3572d8d40b6c82d133203279e26495,Metazoa,Mammalia,Carnivora,Phocidae,Phoca,Phoca vitulina,Vertebrate,Vertebrate,species,undetermined,undetermined,None
Chordata,157,eb1f533175e4b7d11450ca83297f4149986f1f1b,Metazoa,Actinopteri,Perciformes,Liparidae,Liparis,Liparis florae,Vertebrate,Vertebrate,species,undetermined,undetermined,BEN
Chordata,157,f4ec0e657df713db53c9d4540043e5ab8bee3849,Metazoa,Actinopteri,Perciformes,Cottidae,Oligocottus,Oligocottus maculosus,Vertebrate,Vertebrate,species,undetermined,undetermined,BEN
Chordata,157,fb94b3b8f50aa9e87a76cc7abb77c27f41dc7f1e,Metazoa,Ascidiacea,Stolidobranchia,Styelidae,Styela,Styela gibbsii,No mineralization,No mineralization,species,3,tunicate,BEN
Chordata,157,4a8a0c4ec6659ae0f636b401de956f70f5c2143f,Metazoa,Actinopteri,Gadiformes,Gadidae,Microgadus,Microgadus proximus,Vertebrate,Vertebrate,species,undetermined,undetermined,PLK
Chordata,157,1b77eab6ffdc983da74857df2b9c3a1e1aab8029,Metazoa,Aves,Pelecaniformes,Phalacrocoracidae,Urile,Urile penicillatus,Vertebrate,Vertebrate,family,undetermined,undetermined,None
Chordata,157,9ebd0bcbae3f4ee1f10ba13d858e85af17744e67,Metazoa,Mammalia,Primates,Hominidae,Homo,Homo sapiens,NA,NA,NA,undetermined,undetermined,None
Chrysophyceae,93,b57949f2759ef72fe986ab28e641f624ddef6661,Stramenopiles,Chrysophyceae,Chromulinales,Dinobryaceae,Poteriospumella,Poteriospumella lacustris,NA,NA,NA,1,algae,PLK
Chrysophyceae,93,151a046eb1355f10c1458d2ddecd666d69167267,Stramenopiles,Chrysophyceae,Chromulinales,Chromulinaceae,Pedospumella,Pedospumella sinomuralis,NA,NA,NA,1,algae,PLK
Chrysophyceae,93,385e25752c5965a407a5f90cfddea2d0d434fa6f,Stramenopiles,Chrysophyceae,Chromulinales,Chromulinaceae,Pedospumella,Pedospumella encystans,NA,NA,NA,1,algae,PLK
Chrysophyceae,93,b08659230c648262e0b52bab712e8b69ba2f6ac8,Stramenopiles,Chrysophyceae,Chromulinales,Dinobryaceae,Dinobryon,Dinobryon divergens,NA,NA,NA,1,algae,PLK
Cnidaria,158,a703bb1a13dcc7bedbff5f93c114ab5a27a49742,Metazoa,Hydrozoa,Leptothecata,Campanulariidae,Obelia,Obelia bidentata,No mineralization,No mineralization,species,3,hydrozoan,Both
Cnidaria,158,c0348e94b9f17b3ff8222aa29cef72374697b2f4,Metazoa,Hydrozoa,Anthoathecata,Pandeidae,Leuckartiara,Leuckartiara octona,No mineralization,No mineralization,species,3,hydrozoan,Both
Cnidaria,158,a2ff91ae83b266521461fb0185281aaa5e963cba,Metazoa,Hydrozoa,Anthoathecata,Bougainvilliidae,Bougainvillia,Bougainvillia muscus,No mineralization,No mineralization,species,3,hydrozoan,Both
Cnidaria,158,b5c54c111eb9ed6b896dad8022f1ae1a3d6ae0cf,Metazoa,Scyphozoa,Semaeostomeae,Ulmaridae,Phacellophora,Phacellophora camtschatica,No mineralization,No mineralization,species,3,"jelly, jellyfish",Both
Cnidaria,158,484fe1335a33ea66de3e04e0bc0e5c4770e181cb,Metazoa,Scyphozoa,Semaeostomeae,Pelagiidae,Chrysaora,Chrysaora fuscescens,Non-CaCO3 mineral,Non-CaCO3 mineral,species,3,"jelly, jellyfish",PLK
Cnidaria,158,93c5f99035437b05677ed16d83bdbaf5a0dbd2a5,Metazoa,Scyphozoa,Semaeostomeae,Ulmaridae,Aurelia,Aurelia labiata,Non-CaCO3 mineral,Non-CaCO3 mineral,species,3,"jelly, jellyfish",Both
Cnidaria,158,fa58c01894cf47c0a58103c1a91cb2d950a87408,Metazoa,Hydrozoa,Anthoathecata,Proboscidactylidae,Proboscidactyla,Proboscidactyla flavicirrata,No mineralization,No mineralization,genus,3,hydrozoan,PLK
Cnidaria,158,3e3703ea2691156855ca6632deaec6bcb1a665f9,Metazoa,Hydrozoa,Leptothecata,Campanulariidae,Clytia,Clytia languida,No mineralization,No mineralization,genus,3,hydrozoan,Both
Cnidaria,158,e961acd8ab0cb59fa41a927d80c45cef03d59341,Metazoa,Hydrozoa,Leptothecata,Campanulariidae,Campanularia,Campanularia volubilis,No mineralization,No mineralization,genus,3,hydrozoan,Both
Cnidaria,158,06400fe697d75160ec54a3513115a9a143472b7d,Metazoa,Scyphozoa,Semaeostomeae,Pelagiidae,Chrysaora,Chrysaora melanaster,Non-CaCO3 mineral,Non-CaCO3 mineral,genus,3,"jelly, jellyfish",PLK
Cnidaria,158,04daae6aa6d49035d987605bdbf51576784e7d1c,Metazoa,Hydrozoa,Leptothecata,Campanulariidae,Clytia,Clytia gracilis,No mineralization,No mineralization,genus,3,hydrozoan,Both
Cnidaria,158,da066ebdc2fe8dac1dad7213bc884825fef34fbf,Metazoa,Hydrozoa,Leptothecata,Campanulariidae,Clytia,Clytia folleata,No mineralization,No mineralization,genus,3,hydrozoan,Both
Cnidaria,158,9ce1ab4e0f6cb99c549f9ef7a35e7f3405add1e3,Metazoa,Hydrozoa,Anthoathecata,Corynidae,Coryne,Coryne eximia,No mineralization,No mineralization,family,3,hydrozoan,Both
Cnidaria,158,2f84add91ebf755c7df2d227ba1d13769c0d05f9,Metazoa,Hydrozoa,Leptothecata,Campanulariidae,Orthopyxis,Orthopyxis integra,No mineralization,No mineralization,family,3,hydrozoan,Both
Cnidaria,158,7dc0f13f826a74e7c8cd807e693f92a68e3bb762,Metazoa,Hydrozoa,Siphonophorae,Prayidae,Amphicaryon,Amphicaryon earnesti,NA,NA,NA,3,hydrozoan,PLK
Cnidaria,158,0c4f598f0c798dc684f06db3f86e0968f8a3c7d5,Metazoa,Hydrozoa,Siphonophorae,Agalmatidae,Nanomia,Nanomia cara,NA,NA,NA,3,siphonophore,PLK
Cnidaria,158,a7748287f18f07f6d7569c4388575188ada5d199,Metazoa,Hydrozoa,Anthoathecata,Pennariidae,Pennaria,Pennaria disticha,NA,NA,NA,3,hydrozoan,BEN
Cnidaria,158,2ab2df77a029ab2205df4e82078c684697d46f5f,Metazoa,Hydrozoa,Anthoathecata,Hydridae,Hydra,Hydra circumcincta,NA,NA,NA,3,hydrozoan,BEN
Cnidaria,158,d05ec3ff58d2d33ec95f739581d54f9acf4004b9,Metazoa,Hydrozoa,Siphonophorae,Agalmatidae,Nanomia,Nanomia bijuga,NA,NA,NA,3,siphonophore,PLK
Cnidaria,158,466f304488f37975f504849b54e17b7cbd4d2f52,Metazoa,Anthozoa,Actiniaria,Metridiidae,Metridium,Metridium senile,No mineralization,No mineralization,species,undetermined,undetermined,BEN
Cnidaria,158,d4c58ed2321d851506d134e774c177f96b037520,Metazoa,Hydrozoa,Leptothecata,Aequoreidae,Aequorea,Aequorea sp. MW-2012,No mineralization,No mineralization,genus,undetermined,undetermined,PLK
Cnidaria,158,2ccfe38a0a13cb63f74087276dbd1461b5433e3b,Metazoa,Hydrozoa,Leptothecata,Plumulariidae,Plumularia,Plumularia lagenifera,No mineralization,No mineralization,genus,undetermined,undetermined,PLK
Cnidaria,158,780c51abfaff642a8dcb3fdabacdb99c9615a787,Metazoa,Hydrozoa,Siphonophorae,Diphyidae,Muggiaea,Muggiaea atlantica,NA,NA,NA,undetermined,undetermined,PLK
Cnidaria,158,186312e8f463e24e2f34a6b2b7b57d6a7c65a6f1,Metazoa,Staurozoa,Stauromedusae,Haliclystidae,Haliclystus,Haliclystus sanjuanensis,No mineralization,No mineralization,genus,undetermined,undetermined,PLK
Cnidaria,158,df98f92ef520ee3147c6814aa29ce64bf6b5dcc9,Metazoa,Staurozoa,Stauromedusae,Haliclystidae,Manania,Manania gwilliami,No mineralization,No mineralization,genus,undetermined,undetermined,PLK
Compsopogonophyceae,18,b3dfe8ed70991183fe386f070ee1d5a5373ba5e5,Rhodophyta,Compsopogonophyceae,Erythropeltidales,Erythropeltidaceae,Smithora,Smithora naiadum,No mineralization,No mineralization,species,NA,"algae, red",BEN
Compsopogonophyceae,18,115fcb721d336bff5a77dc27fbc77af6209f0169,Rhodophyta,Compsopogonophyceae,Erythropeltidales,Erythropeltidaceae,Smithora,Smithora sp. 1naiadum,No mineralization,No mineralization,genus,NA,"algae, red",BEN
Dictyochophyceae,132,a0a06ae521f5443dc1addd27a59dd47cdc0c6a61,Stramenopiles,Dictyochophyceae,Dictyochales,NA,Dictyocha,Dictyocha speculum,No mineralization,No mineralization,species,undetermined,flagellate,PLK
Dictyochophyceae,132,af55f83e8bc1dae6fd7e3d9c3ce94c1930c87b98,Stramenopiles,Dictyochophyceae,Florenciellales,NA,Pseudochattonella,Pseudochattonella farcimen,NA,NA,NA,undetermined,flagellate,PLK
Dinophyceae,150,e69134699e3763f1f81217eb2c43c05281bd67aa,Dinoflagellates,Dinophyceae,Gymnodiniales,Gymnodiniaceae,Lepidodinium,Lepidodinium chlorophorum,undetermined,undetermined,family,2,flagellate,PLK
Dinophyceae,150,2f5723a58d69dbcde6737abcbcb6e2a3d0455382,Dinoflagellates,Dinophyceae,Peridiniales,Heterocapsaceae,Heterocapsa,Heterocapsa rotundata,No mineralization,Calcite,genus,2,flagellate,PLK
Dinophyceae,150,69b4aa9c34f90d569caca6109c85f661d401ef20,Dinoflagellates,Dinophyceae,Gymnodiniales,Kareniaceae,Karlodinium,Karlodinium veneficum,NA,NA,NA,2,flagellate,PLK
Dinophyceae,150,6f9482ea00677770c5b3ef877e71dea1da6e7a46,Dinoflagellates,Dinophyceae,Peridiniales,Protoperidiniaceae,Protoperidinium,Protoperidinium cf. depressum,No mineralization,Calcite,genus,3,flagellate,PLK
Dinophyceae,150,e25b2d2217c35bba3abd7abf985adc41d7ccfd72,Dinoflagellates,Dinophyceae,Gymnodiniales,Gymnodiniaceae,Gymnodinium,Gymnodinium sp. NVA/RUS/2008,No mineralization,No mineralization,genus,2,flagellate,BEN
Dinophyceae,150,19ff76dc44fc872abc86ab446e637b082ede9e30,Dinoflagellates,Dinophyceae,Syndiniales,Syndiniaceae,Hematodinium,Hematodinium sp.,NA,NA,NA,"3, parasitic",flagellate,BEN
Discosea,21,ccca0c1d6b4226ba295f6789b7b7fedbb85f4e74,Amoebozoa,NA,NA,Paramoebidae,Paramoeba,Paramoeba pemaquidensis,NA,NA,NA,3,amoebozoa,BEN
Discosea,21,9393cbf7859bba20c4b049fe7c0a3658ae9798c7,Amoebozoa,NA,NA,Paramoebidae,Cunea,Cunea thuwala,NA,NA,NA,3,amoebozoa,BEN
Discosea,21,d4d1af3d3e299db2fc83ba0a4cad48e8bb68832d,Amoebozoa,NA,Longamoebia,Acanthamoebidae,Acanthamoeba,Acanthamoeba castellanii,NA,NA,NA,3,amoebozoa,Both
Echinodermata,84,fafd5f8e7953c382da2df53eb7c7006d2e0b7677,Metazoa,Echinoidea,Clypeasteroida,Dendrasteridae,Dendraster,Dendraster excentricus,Amorphous,"High Mg Calcite, Amorphous",species,3,echinoderm,BEN
Echinodermata,84,45450ae32e7241c4f9ff1d77a183517eabc1c8dc,Metazoa,Echinoidea,Echinoida,Strongylocentrotidae,Strongylocentrotus,Strongylocentrotus droebachiensis,Amorphous,"High Mg Calcite, Amorphous",species,3,echinoderm,BEN
Echinodermata,84,6d8f7bc4f4bd845333b5053d2839ea0dadb5ca95,Metazoa,Echinoidea,Echinoida,Strongylocentrotidae,Mesocentrotus,Mesocentrotus franciscanus,Amorphous,"High Mg Calcite, Amorphous",family,3,echinoderm,BEN
Echinodermata,84,c7fd0efaaeea3e37f9b44a97a2c0fdd1582e9462,Metazoa,Asteroidea,Forcipulatida,Asteriidae,Pisaster,Pisaster ochraceus,Amorphous,"High Mg Calcite, Amorphous",species,undetermined,undetermined,BEN
Echinodermata,84,0fa20cfb64ffaab9b14558297dd23dd85711560e,Metazoa,Holothuroidea,Apodida,Synaptidae,Leptosynapta,Leptosynapta clarki,High Mg Calcite,High Mg Calcite,species,undetermined,undetermined,BEN
Echinodermata,84,0083e370a92ac9df70edcc183e82e0c522a07fc4,Metazoa,Asteroidea,Forcipulatida,Asteriidae,Pisaster,Pisaster brevispinus,Amorphous,"High Mg Calcite, Amorphous",species,undetermined,undetermined,BEN
Echinodermata,84,d5d12752e9dca5a62f964da275267d617e480c48,Metazoa,Asteroidea,Forcipulatida,Asteriidae,Leptasterias,Leptasterias hexactis,Amorphous,"High Mg Calcite, Amorphous",species,undetermined,undetermined,BEN
Echinodermata,84,38a7c1029a37241bb44b8ff9e629c30629f97584,Metazoa,Asteroidea,Forcipulatida,Asteriidae,Evasterias,Evasterias troschelii,Amorphous,"High Mg Calcite, Amorphous",genus,undetermined,undetermined,BEN
Entoprocta,1,d71fba2d7bbea6cf0c8dcde4f980edcfd91b7720,Metazoa,NA,NA,Loxosomatidae,Loxosomella,Loxosomella sp. JM-2012,No mineralization,No mineralization,family,NA,NA,BEN
Florideophyceae,309,ac0b62928cd9e48b5dd97908cc73b19a98c30370,Rhodophyta,Florideophyceae,Ceramiales,Rhodomelaceae,Polysiphonia,Polysiphonia hendryi,No mineralization,No mineralization,species,1,"algae, red",PLK
Florideophyceae,309,ec572e64d103ee04ff859035188660969d7ed544,Rhodophyta,Florideophyceae,Ceramiales,Rhodomelaceae,Neorhodomela,Neorhodomela oregona,No mineralization,No mineralization,species,1,"algae, red",PLK
Florideophyceae,309,cc0a94bf8c7fe1b4274b2d44adec6891e8451b38,Rhodophyta,Florideophyceae,Ceramiales,Rhodomelaceae,Odonthalia,Odonthalia floccosa,No mineralization,No mineralization,species,1,"algae, red",PLK
Florideophyceae,309,e9dd2e0184c92fac4728650509f30fe68e1eeae8,Rhodophyta,Florideophyceae,Ceramiales,Rhodomelaceae,Pterosiphonia,Pterosiphonia bipinnata,No mineralization,No mineralization,species,1,"algae, red",PLK
Florideophyceae,309,5307dd7515ffa8b5d58717a810b754065eec759b,Rhodophyta,Florideophyceae,Ceramiales,Rhodomelaceae,Melanothamnus,Melanothamnus harveyi,No mineralization,No mineralization,family,1,"algae, red",PLK
Florideophyceae,309,a89a09379d8d22efdefd9f06f1c4f04c80da5c65,Rhodophyta,Florideophyceae,Gracilariales,Gracilariaceae,Gracilaria,Gracilaria vermiculophylla,No mineralization,No mineralization,species,1,"algae, red",BEN
Florideophyceae,309,a78c3f8646003e70cf09ec658c23a7397dcc6c6f,Rhodophyta,Florideophyceae,Ceramiales,Delesseriaceae,Polyneura,Polyneura latissima,No mineralization,No mineralization,species,1,"algae, red",BEN
Florideophyceae,309,43753f4ea280874a1df46682d8919b98ea0b7dfb,Rhodophyta,Florideophyceae,Corallinales,Corallinaceae,Corallina,Corallina vancouveriensis,No mineralization,High Mg Calcite,species,3,"algae, red",BEN
Florideophyceae,309,ea0cc4e8880f33b8fd0bf9ffd8430d876ed0c224,Rhodophyta,Florideophyceae,Corallinales,Corallinaceae,Calliarthron,Calliarthron tuberculosum,No mineralization,High Mg Calcite,species,3,"algae, red",BEN
Florideophyceae,309,3b7fdeeea659acb454eff410e975aa96f084dfa7,Rhodophyta,Florideophyceae,Corallinales,Corallinaceae,Pseudolithophyllum,Pseudolithophyllum sp. 2whidbeyense,No mineralization,"Aragonite, High Mg Calcite",genus,3,"algae, red",BEN
Florideophyceae,309,f5d446ee8f6310e92172a7d39ff69ce36bbfee4a,Rhodophyta,Florideophyceae,Corallinales,Corallinaceae,Bossiella,Bossiella frondescens,No mineralization,High Mg Calcite,genus,3,"algae, red",BEN
Florideophyceae,309,ed982d6ebbcbccadbdb89e59ae14bbaaafc00957,Rhodophyta,Florideophyceae,Ceramiales,Delesseriaceae,Martensia,Martensia jejuensis,No mineralization,No mineralization,family,1,"algae, red",BEN
Florideophyceae,309,0d69e93482c776c5619300f4d157be03c4c4051f,Rhodophyta,Florideophyceae,Gigartinales,Gigartinaceae,Chondracanthus,Chondracanthus exasperatus,No mineralization,No mineralization,species,undetermined,undetermined,BEN
Florideophyceae,309,fcd05564ba6afffcf9f8dece434f4c9f55425ed7,Rhodophyta,Florideophyceae,Gigartinales,Caulacanthaceae,Caulacanthus,Caulacanthus ustulatus,No mineralization,No mineralization,species,undetermined,undetermined,BEN
Florideophyceae,309,453101246944b5d08b86386f5f6734041b3f4604,Rhodophyta,Florideophyceae,Rhodymeniales,Lomentariaceae,Lomentaria,Lomentaria hakodatensis,No mineralization,No mineralization,species,undetermined,undetermined,BEN
Florideophyceae,309,2b47fc7565abc8302682597c2b793831e5ee4189,Rhodophyta,Florideophyceae,Halymeniales,Halymeniaceae,Prionitis,Prionitis sternbergii,No mineralization,No mineralization,species,undetermined,undetermined,BEN
Florideophyceae,309,8b535a05b93a1a2d02bbae6a1182bd73fea8ceb8,Rhodophyta,Florideophyceae,Gelidiales,Gelidiaceae,Gelidium,Gelidium coulteri,No mineralization,No mineralization,species,undetermined,undetermined,BEN
Florideophyceae,309,3b11e92c14ed44d964d5ef6d57a10811967ff690,Rhodophyta,Florideophyceae,Gigartinales,Gigartinaceae,Mazzaella,Mazzaella splendens,No mineralization,No mineralization,species,undetermined,undetermined,BEN
Florideophyceae,309,f1f7807a1cbe3bf237818f85518b8ddb8fd1d38b,Rhodophyta,Florideophyceae,Gelidiales,Gelidiaceae,Gelidium,Gelidium vagum,No mineralization,No mineralization,species,undetermined,undetermined,BEN
Florideophyceae,309,6de499d8a5eff4e6eff8774035188ce6540ddad0,Rhodophyta,Florideophyceae,Gigartinales,Gigartinaceae,Mazzaella,Mazzaella rosea,No mineralization,No mineralization,species,undetermined,undetermined,BEN
Florideophyceae,309,4041289da01feddac1f9633ea0d0b7ba4be66834,Rhodophyta,Florideophyceae,Gigartinales,Kallymeniaceae,Callophyllis,Callophyllis flabellulata,No mineralization,No mineralization,species,undetermined,undetermined,BEN
Florideophyceae,309,61c1197812c92a11d16e6d55b37359f38acce246,Rhodophyta,Florideophyceae,Gigartinales,Phyllophoraceae,Mastocarpus,Mastocarpus alaskensis,No mineralization,No mineralization,species,undetermined,undetermined,BEN
Florideophyceae,309,0978d080bb77b02c98a52779fbecaa639f7c255f,Rhodophyta,Florideophyceae,Ceramiales,Ceramiaceae,Microcladia,Microcladia coulteri,No mineralization,No mineralization,species,undetermined,undetermined,BEN
Florideophyceae,309,6f6ff49e1f9584d2a3482a8649c13ae50bdd6be1,Rhodophyta,Florideophyceae,Acrochaetiales,Acrochaetiaceae,Acrochaetium,Acrochaetium arcuatum,No mineralization,No mineralization,species,undetermined,undetermined,BEN
Florideophyceae,309,f58c3cbf955b786acc9189963d32874cf03fc439,Rhodophyta,Florideophyceae,Ceramiales,Ceramiaceae,Callithamnion,Callithamnion pikeanum,No mineralization,No mineralization,species,undetermined,undetermined,BEN
Florideophyceae,309,d80692b0c68a2282490bbac4cb9931ac3a3441dc,Rhodophyta,Florideophyceae,Ceramiales,Dasyaceae,Rhodoptilum,Rhodoptilum plumosum,No mineralization,No mineralization,species,undetermined,undetermined,BEN
Florideophyceae,309,fd05bdceb9694a94ff577e82c205951e3e3890ec,Rhodophyta,Florideophyceae,Palmariales,Rhodophysemataceae,Rhodophysema,Rhodophysema kjellmanii,No mineralization,No mineralization,species,undetermined,undetermined,BEN
Florideophyceae,309,5ff69e9f91d52b7ae4c76e89a79d1b67b44b0fb2,Rhodophyta,Florideophyceae,Ceramiales,Ceramiaceae,Callithamnion,Callithamnion corymbosum,No mineralization,No mineralization,genus,undetermined,undetermined,BEN
Florideophyceae,309,9dbe9524cf62c6dca7f4f448da9485a41b74f505,Rhodophyta,Florideophyceae,Ceramiales,Ceramiaceae,Ceramium,Ceramium sp. 3Cal,No mineralization,No mineralization,genus,undetermined,undetermined,BEN
Florideophyceae,309,7b7bd961be05f144581f831b5828077d28c1840c,Rhodophyta,Florideophyceae,Gigartinales,Solieriaceae,Sarcodiotheca,Sarcodiotheca sp. 2gaudichaudii,No mineralization,No mineralization,genus,undetermined,undetermined,BEN
Florideophyceae,309,b099e5c847b208a8d0570e5039b88cfaeddb5ad3,Rhodophyta,Florideophyceae,Acrochaetiales,Acrochaetiaceae,Acrochaetium,Acrochaetium moniliforme,No mineralization,No mineralization,genus,undetermined,undetermined,BEN
Florideophyceae,309,f30efaeb62b24739ad238af5eeb96b819a472879,Rhodophyta,Florideophyceae,Gigartinales,Gigartinaceae,Mazzaella,Mazzaella sp. GWS-2013b,No mineralization,No mineralization,genus,undetermined,undetermined,BEN
Florideophyceae,309,54c1986900147683572925549b605b9287318b93,Rhodophyta,Florideophyceae,Ceramiales,Ceramiaceae,Microcladia,Microcladia sp. 1Cal,No mineralization,No mineralization,genus,undetermined,undetermined,BEN
Florideophyceae,309,401056fec673fe4aaa1bd46840d87fbc0d3f7921,Rhodophyta,Florideophyceae,Gelidiales,Gelidiaceae,Gelidiophycus,Gelidiophycus freshwateri,No mineralization,No mineralization,family,undetermined,undetermined,BEN
Florideophyceae,309,eaae1f1cb6f3efa59e1321422cc5d1b54f8d1ed6,Rhodophyta,Florideophyceae,Palmariales,Palmariaceae,Devaleraea,Devaleraea mollis,No mineralization,No mineralization,family,undetermined,undetermined,BEN
Haptophyceae,244,32162e451e12cdf5cf3628007e99b0efa1ba946b,Haptophyceae,Haptophyceae,Phaeocystales,Phaeocystaceae,Phaeocystis,Phaeocystis antarctica,Calcite,Calcite,genus,1,"algae, brown",PLK
Haptophyceae,244,4dc52fdc04ae6b5ca0069b00c0ed9856e4cc23c0,Haptophyceae,Haptophyceae,Phaeocystales,Phaeocystaceae,Phaeocystis,Phaeocystis globosa,Calcite,Calcite,genus,1,"algae, brown",PLK
Haptophyceae,244,8a1c9da427aa6f155aaa44acd2708f79db93e1d1,Haptophyceae,Haptophyceae,Isochrysidales,Noelaerhabdaceae,Emiliania,Emiliania huxleyi,NA,NA,NA,1,coccolithophore,PLK
Haptophyceae,244,34ddd674c8eaad471c3a99957d45c67bdb91d2a8,Haptophyceae,Haptophyceae,Prymnesiales,Chrysochromulinaceae,Chrysochromulina,Chrysochromulina sp. CCMP291,NA,NA,NA,1,algae,PLK
Himatismenida,22,697e2bef668228a7655d63bef9fa5bb0ff490323,Amoebozoa,NA,Himatismenida,Cochliopodiidae,Cochliopodium,Cochliopodium larifeili,NA,NA,NA,3,amoebozoa,Both
Himatismenida,22,91f5f068c31b7998cb57dfc6d34695571d88a310,Amoebozoa,NA,Himatismenida,Cochliopodiidae,Cochliopodium,Cochliopodium sp. SG-2014,NA,NA,NA,3,amoebozoa,Both
Himatismenida,22,265856eacca62697440bde80d28a7d47903564e3,NA,NA,Himatismenida,NA,Parvamoeba,Parvamoeba rugata,NA,NA,NA,NA,amoebozoa,PLK
Katablepharidophyta,8,b3e33e8dd0e662ce86effc0e615850ea1a5f71a5,Heterotrophic_flagellates,Katablepharidophyta,NA,Katablepharidaceae,Leucocryptos,Leucocryptos marina,NA,NA,NA,3,flagellate,PLK
Mollusca,327,907f9401b8dd993b5766aa749ef5d8ac524f404a,Metazoa,Bivalvia,Mytiloida,Mytilidae,Mytilus,Mytilus trossulus,"Amorphous, Aragonite","Aragonite, Calcite",species,3,"bivalve, mussels",BEN
Mollusca,327,c3df793604096fb45b73da08c11f6ce42567bf57,Metazoa,Bivalvia,Mytiloida,Mytilidae,Modiolus,Modiolus modiolus,"Amorphous, Aragonite","Aragonite, Calcite",species,3,"bivalve, mussels",BEN
Mollusca,327,9fb80495589efb61c1089550cb300c9a9a5b7749,Metazoa,Bivalvia,Mytiloida,Mytilidae,Musculista,Musculista senhousia,"Amorphous, Aragonite","Aragonite, Calcite",species,3,"bivalve, mussels",BEN
Mollusca,327,fefde31d083db7bb12e2472389e56f7e411fc709,Metazoa,Bivalvia,Veneroida,Mactridae,Tresus,Tresus capax,"Amorphous, Aragonite",Aragonite,species,3,"bivalve, clam",BEN
Mollusca,327,81c0354d62ea904600c11f40ec083079d953aec8,Metazoa,Bivalvia,Ostreoida,Ostreidae,Ostrea,Ostrea lurida,"Amorphous, Aragonite","Aragonite, Calcite",species,undetermined,undetermined,BEN
Mollusca,327,a67e6e12eb3f3b86509f15407feb68237b2c5f83,Metazoa,Bivalvia,Veneroida,Tellinidae,Macoma,Macoma nasuta,"Amorphous, Aragonite",Aragonite,species,undetermined,undetermined,BEN
Mollusca,327,d40e19f66e76cc54b02ae688174877657d1bdd5e,Metazoa,Bivalvia,Ostreoida,Ostreidae,Crassostrea,Crassostrea gigas,"Amorphous, Aragonite","Aragonite, Calcite",species,undetermined,undetermined,BEN
Mollusca,327,156fd30ac19d7f0bb246fa54bbbcea3524ee0c1b,Metazoa,Bivalvia,Myoida,Myidae,Mya,Mya arenaria,"Amorphous, Aragonite",Aragonite,species,undetermined,undetermined,BEN
Mollusca,327,c50eff2015daa84cb9649c08c265532c76af0f65,Metazoa,Gastropoda,Littorinimorpha,Littorinidae,Littorina,Littorina scutulata,"Amorphous, Aragonite, Calcite","Aragonite, Calcite",species,undetermined,undetermined,BEN
Mollusca,327,33eff76a75d9ecf46be0c30ebf4860bab8f9b842,Metazoa,Bivalvia,Veneroida,Veneridae,Saxidomus,Saxidomus gigantea,"Amorphous, Aragonite","Aragonite, Calcite",species,undetermined,undetermined,BEN
Mollusca,327,063bbfb6e6d3d18940b5a7c9bc8120987b3d5083,Metazoa,Gastropoda,Cephalaspidea,Aglajidae,Aglaja,Aglaja ocelligera,"Amorphous, Aragonite",Aragonite,species,undetermined,undetermined,BEN
Mollusca,327,3f50cfe214160ace51e8a7cefe49445a40fb2a0a,Metazoa,Gastropoda,Littorinimorpha,Littorinidae,Littorina,Littorina sitkana,"Amorphous, Aragonite, Calcite","Aragonite, Calcite",species,undetermined,undetermined,BEN
Mollusca,327,540613c992da9617e8184aba453a174bd479ac8a,Metazoa,Gastropoda,Littorinimorpha,Lacunidae,Lacuna,Lacuna vincta,"Amorphous, Aragonite",Aragonite,species,undetermined,undetermined,BEN
Mollusca,327,00c6d6146ca4766fd548cfe45211b619813e0f11,Metazoa,Bivalvia,Veneroida,Veneridae,Compsomyax,Compsomyax subdiaphana,"Amorphous, Aragonite",Aragonite,species,undetermined,undetermined,BEN
Mollusca,327,5444b75d63923dae7a8e6c7c5ae9d89d3189ec63,Metazoa,Bivalvia,Nuculoida,Nuculidae,Acila,Acila castrensis,"Amorphous, Aragonite",Aragonite,species,undetermined,undetermined,BEN
Mollusca,327,7cf38e0c989054cdccc733cb17f19c2bffac02e8,Metazoa,Gastropoda,Neogastropoda,Nassariidae,Nassarius,Nassarius mendicus,"Amorphous, Aragonite",Aragonite,species,undetermined,undetermined,BEN
Mollusca,327,c79256f7823292157a90f0fc328f3e1370fe7645,Metazoa,Gastropoda,Nudibranchia,Dorididae,Rostanga,Rostanga pulchra,"Amorphous, Aragonite",No mineralization,species,undetermined,undetermined,BEN
Mollusca,327,8c61b357b250c745e5e6e469c28a9b96d1dd0ce1,Metazoa,Gastropoda,Nudibranchia,Onchidorididae,Onchidoris,Onchidoris bilamellata,"Amorphous, Aragonite",Calcite,species,undetermined,undetermined,BEN
Mollusca,327,00f25d32858be50d99247bde867a6765d8268c89,Metazoa,Gastropoda,Littorinimorpha,Littorinidae,Littorina,Littorina plena,"Amorphous, Aragonite, Calcite","Aragonite, Calcite",genus,undetermined,undetermined,BEN
Mollusca,327,345228008fa67e5c2f4930fe1a08bbaa92cfe9c6,Metazoa,Gastropoda,NA,Lottiidae,Lottia,Lottia paradigitalis,"Amorphous, Aragonite","Aragonite, Calcite",genus,undetermined,undetermined,BEN
Mollusca,327,821992cc6efa74ec34fa2338e648de3faaa080c8,Metazoa,Bivalvia,Veneroida,Kelliidae,Kellia,Kellia porculus,"Amorphous, Aragonite",Aragonite,genus,undetermined,undetermined,BEN
Mollusca,327,3bd102092cf271a7c30088a5026020b63286429c,Metazoa,Bivalvia,Veneroida,Psammobiidae,Nuttallia,Nuttallia olivacea,"Amorphous, Aragonite",Aragonite,genus,undetermined,undetermined,BEN
Mollusca,327,a3b7c19d217d63e98dbed1bfd1c083f61675637b,Metazoa,Bivalvia,Veneroida,Tellinidae,Macoma,Macoma petalum,"Amorphous, Aragonite",Aragonite,genus,undetermined,undetermined,BEN
Mollusca,327,6967a4dcdb02072eaec591fbbe4274ee4d91a0f1,Metazoa,Gastropoda,Littorinimorpha,Lacunidae,Lacuna,Lacuna pallidula,"Amorphous, Aragonite",Aragonite,genus,undetermined,undetermined,BEN
Mollusca,327,9cfd9515704a0e0b3a69656fb76e9beba9bb1486,Metazoa,Gastropoda,Littorinimorpha,Calyptraeidae,Crepipatella,Crepipatella lingulata,"Amorphous, Aragonite",Aragonite,genus,undetermined,undetermined,BEN
Mollusca,327,4b8d264bec216fd6c88138262b8e42f35fa1bac8,Metazoa,Bivalvia,Veneroida,Veneridae,Ruditapes,Ruditapes philippinarum,undetermined,undetermined,family,undetermined,undetermined,BEN
Mollusca,327,299a3beb263e92cd8a1650f51eae2919f77961b7,Metazoa,Bivalvia,Pectinoida,Pectinidae,Azumapecten,Azumapecten farreri,"Amorphous, Aragonite","Aragonite, Calcite",family,undetermined,undetermined,BEN
Mollusca,327,63ab895ac849cd1d330d1feaaf3dda51cb004474,Metazoa,Bivalvia,Veneroida,Tellinidae,Ameritella,Ameritella mitchelli,"Amorphous, Aragonite",Aragonite,family,undetermined,undetermined,BEN
Mollusca,327,6810c816e8147a8c6ce93f63f0f8ffcbf949c056,Metazoa,Bivalvia,Veneroida,Psammobiidae,Gari,Gari maculosa,"Amorphous, Aragonite",Aragonite,family,undetermined,undetermined,BEN
Mollusca,327,0d570a956da2ad3d00b103e6bed106d6f42b358e,Metazoa,Gastropoda,NA,Limapontiidae,Stiliger,Stiliger fuscovittatus,NA,NA,NA,undetermined,undetermined,BEN
Mollusca,327,c413e4b99630726d0a6c6100c5db9ecc1eb21703,Metazoa,Bivalvia,Arcoida,Arcidae,Arca,Arca avellana,NA,NA,NA,undetermined,undetermined,BEN
Mollusca,327,ec24622956048262c3cc53232ac53a4ccd2bad37,Metazoa,Polyplacophora,Chitonida,Mopaliidae,Tonicella,Tonicella lineata,Aragonite,Aragonite,species,undetermined,undetermined,BEN
Mucoromycota,30,552b4d07a053c301ddb6f96e216ba9dce76470c5,Fungi,Mucoromycetes,Mucorales,Lichtheimiaceae,Lichtheimia,Lichtheimia ramosa,NA,NA,NA,fungi,fungi,None
Nematoda,4,84e63c8cce2215c953a18704fdbabd91e440e250,Metazoa,Chromadorea,Rhabditida,Aphelenchoididae,Bursaphelenchus,Bursaphelenchus cocophilus,NA,NA,NA,NA,worm,None
Nematoda,4,6611e013952bbd615e3c28170523506bc41c916b,Metazoa,Chromadorea,Plectida,Plectidae,Plectus,Plectus aquatilis,NA,NA,NA,NA,worm,BEN
Nematoda,4,439bb1b8a2393ea1edaa381f7c5b03388c2c25d5,Metazoa,Chromadorea,Chromadorida,Chromadoridae,Neochromadora,Neochromadora poecilosomoides,NA,NA,NA,NA,worm,BEN
Nemertea,20,7798d5456f70680edda53cd34329423960638ed6,Metazoa,Pilidiophora,Heteronemertea,Lineidae,Maculaura,Maculaura alaskensis,No mineralization,Non-CaCO3 mineral,family,"3,worm",worm,BEN
Nemertea,20,6cd3dae6bcd1b228c39c696b5ee2005399f5d1a9,Metazoa,Enopla,Monostilifera,Emplectonematidae,Paranemertes,Paranemertes californica,Non-CaCO3 mineral,Non-CaCO3 mineral,species,undetermined,undetermined,BEN
Nemertea,20,55c45ddb9d8b4f3e61cba3891110aa1a0fc4f2c0,Metazoa,Enopla,Monostilifera,Emplectonematidae,Emplectonema,Emplectonema sp. 1 TCH-2015,Non-CaCO3 mineral,Non-CaCO3 mineral,genus,undetermined,undetermined,BEN
Nemertea,20,e6903b14e2e8e86a670dd45cfec4f2dd60bf41ce,Metazoa,Enopla,Monostilifera,Carcinonemertidae,Carcinonemertes,Carcinonemertes errans,NA,NA,NA,undetermined,undetermined,None
Oomycetes,270,3b3369a0a9ba5c261bbb0a60efc874383590e67a,Stramenopiles,Oomycetes,Pythiales,Pythiaceae,Pythium,Pythium sp. CAL-2011c,NA,NA,NA,water mold,fungi,None
Oomycetes,270,67b2f44d90d95348a5dac8d855192046ace7bd0e,Stramenopiles,Oomycetes,Pythiales,Pythiaceae,Pythium,Pythium tracheiphilum,NA,NA,NA,water mold,fungi,None
Oomycetes,270,9d22c666d7f32d4f2644252ae53fdf75a9b918ed,Stramenopiles,Oomycetes,Peronosporales,Peronosporaceae,Peronospora,Peronospora violae,NA,NA,NA,water mold,fungi,None
Oomycetes,270,c6eb55d0819c0d2d336de1c0309d5d8de3eed0a0,Stramenopiles,Oomycetes,Pythiales,Pythiaceae,Pythium,Pythium pachycaule,NA,NA,NA,water mold,fungi,None
Oomycetes,270,3d1145ee1cd9deecea59a0bb48df511999e1eb98,Stramenopiles,Oomycetes,Saprolegniales,Saprolegniaceae,Saprolegnia,Saprolegnia diclina,NA,NA,NA,water mold,fungi,None
Oomycetes,270,c13eaac2c75e3fc5339ee1101c1863e6646153d2,Stramenopiles,Oomycetes,Albuginales,Albuginaceae,Albugo,Albugo candida,NA,NA,NA,fungi,fungi,None
Oomycetes,270,b78fbdefd396246aaffa94612ad14c9dcd7c349d,Stramenopiles,Oomycetes,Pythiales,Pythiaceae,Salispina,Salispina spinosa,NA,NA,NA,water mold,fungi,None
Oomycetes,270,ba1990f8aced79b789cf27ddce3192e493c3fd06,Stramenopiles,Oomycetes,Saprolegniales,Saprolegniaceae,Aphanomyces,Aphanomyces sp. BOLD:AAO9952,NA,NA,NA,water mold,fungi,None
Oomycetes,270,6916004c8cd60eeb8d30cf5d490825f9215b31ee,Stramenopiles,Oomycetes,Pythiales,Pythiaceae,Pythium,Pythium acanthicum,NA,NA,NA,water mold,fungi,None
Oomycetes,270,10964141379b2c9b70b2e905f4a0c32cc3e3e936,Stramenopiles,Oomycetes,Lagenidiales,Lagenidiaceae,Lagenidium,Lagenidium giganteum,NA,NA,NA,fungi,fungi,None
Oomycetes,270,5b394a7063052fb4e5333959b41c90ab5b2f4c5c,Stramenopiles,Oomycetes,Pythiales,Pythiaceae,Halophytophthora,Halophytophthora avicenniae,NA,NA,NA,water mold,fungi,None
Oomycetes,270,cf4caedf942e6fbc1b1fa3dd8f48b85882f9dce5,Stramenopiles,Oomycetes,Pythiales,Pythiaceae,Pythium,Pythium aff. diclinum,NA,NA,NA,water mold,fungi,None
Oomycetes,270,989def6c1d03c22be22bf5834388221e6cfc3c58,Stramenopiles,Oomycetes,Pythiales,Pythiaceae,Pythium,Pythium contiguanum,NA,NA,NA,water mold,fungi,None
Oomycetes,270,ea240e7ccc097689229a3201bf89082a522d2e71,Stramenopiles,Oomycetes,Pythiales,Pythiaceae,Pythium,Pythium periplocum,NA,NA,NA,water mold,fungi,None
Oomycetes,270,d136429b0ddc8ee66402a0da7f69b66237a58c05,Stramenopiles,Oomycetes,Anisolpidiales,Anisolpidiaceae,Anisolpidium,Anisolpidium ectocarpii,NA,NA,NA,undetermined,undetermined,None
Oomycetes,270,d2520c997ba28ad2a5b0a6bce33f2ad9fabba3cf,Stramenopiles,Oomycetes,Anisolpidiales,Anisolpidiaceae,Anisolpidium,Anisolpidium rosenvingei,NA,NA,NA,undetermined,undetermined,None
Oomycetes,270,7c5caf0f60771ec3af9d20327e9c0ce82c3643ea,Stramenopiles,Oomycetes,Peronosporales,NA,Phytophthora,Phytophthora multivora,NA,NA,NA,undetermined,undetermined,None
Oomycetes,270,8b8b436e4dfcd12acd0660bf1f6a7f6fd7b26026,Stramenopiles,Oomycetes,Peronosporales,NA,Phytophthora,Phytophthora sp. 2 EEO-2011,NA,NA,NA,undetermined,undetermined,None
Oomycetes,270,76f92eed074e89f06191f71cbacef86688610656,Stramenopiles,Oomycetes,NA,NA,Haptoglossa,Haptoglossa sp. DM2 4/12,NA,NA,NA,undetermined,undetermined,None
Oomycetes,270,638409487899f7baee50325acd8fce1f8e86632b,Stramenopiles,Oomycetes,Peronosporales,NA,Phytophthora,Phytophthora taxon paludosa,NA,NA,NA,undetermined,undetermined,None
Oomycetes,270,5555cf10dcbbce3b9937d218d1cb14f9eb7a89f2,Stramenopiles,Oomycetes,Leptomitales,NA,Apodachlya,Apodachlya minima,NA,NA,NA,undetermined,undetermined,None
Oomycetes,270,2de8ec8082d415ef4555b61e5fb665fe716d239f,Stramenopiles,Oomycetes,Peronosporales,NA,Phytophthora,Phytophthora riparia,NA,NA,NA,undetermined,undetermined,None
Oomycetes,270,f7714c58812dc87421322b82a29b555c698b4591,Stramenopiles,Oomycetes,Pythiales,NA,Phytopythium,Phytopythium helicoides,NA,NA,NA,undetermined,undetermined,None
Oomycetes,270,9f19d8b35f541d1c3e67a5a609543272edf4be60,Stramenopiles,Oomycetes,Peronosporales,NA,Phytophthora,Phytophthora bilorbang,NA,NA,NA,undetermined,undetermined,None
Oomycetes,270,711a05f24b484ece22f1f079a56aea21646a9e66,Stramenopiles,Oomycetes,Peronosporales,NA,Phytophthora,Phytophthora megasperma,NA,NA,NA,undetermined,undetermined,None
Oomycetes,270,6e4de6a26d3c30119d1bde1338ec29b582661c23,Stramenopiles,Oomycetes,Peronosporales,NA,Phytophthora,Phytophthora siskiyouensis,NA,NA,NA,undetermined,undetermined,None
Oomycetes,270,d2ccd63eb409e22afe370537feb8790906baeb51,Stramenopiles,Oomycetes,NA,NA,Haptoglossa,Haptoglossa zoospora,NA,NA,NA,undetermined,undetermined,None
Phaeophyceae,232,6e0f9bcf5c8b800b961eedea676297dbfb82c463,Stramenopiles,Phaeophyceae,Ectocarpales,Ectocarpaceae,Ectocarpus,Ectocarpus siliculosus,No mineralization,No mineralization,species,1,algae,BEN
Phaeophyceae,232,3d176fc7382e5e99a5383f0d57c5fee1b7e4f247,Stramenopiles,Phaeophyceae,Ectocarpales,Chordariaceae,Myrionema,Myrionema balticum,No mineralization,No mineralization,species,1,"algae, brown",BEN
Phaeophyceae,232,6da8e4419e0e8a11995977144108fd3f93f5fe55,Stramenopiles,Phaeophyceae,Ectocarpales,Chordariaceae,Leathesia,Leathesia marina,No mineralization,No mineralization,species,1,"algae, brown",BEN
Phaeophyceae,232,a419c48e8f2f74d8779250f10300758e6cfb684f,Stramenopiles,Phaeophyceae,Ectocarpales,Scytosiphonaceae,Petalonia,Petalonia fascia,No mineralization,No mineralization,species,1,"algae, brown",BEN
Phaeophyceae,232,47c7ddbe04be4633c912c4f90d3c34136e0bb992,Stramenopiles,Phaeophyceae,Laminariales,Laminariaceae,Nereocystis,Nereocystis luetkeana,No mineralization,No mineralization,species,1,"algae, brown",BEN
Phaeophyceae,232,87ec3348af10b5a1c0ee901ba18700fd01a084ff,Stramenopiles,Phaeophyceae,Ectocarpales,Chordariaceae,Laminariocolax,Laminariocolax aecidioides,No mineralization,No mineralization,species,1,"algae, brown",BEN
Phaeophyceae,232,e681061cc41d62caa1c57394a428db44517c5608,Stramenopiles,Phaeophyceae,Laminariales,Lessoniaceae,Egregia,Egregia menziesii,No mineralization,No mineralization,species,1,kelp,BEN
Phaeophyceae,232,1d2ff288402489b5ced41d788ce606072affd770,Stramenopiles,Phaeophyceae,Fucales,Sargassaceae,Cystoseira,Cystoseira geminata,No mineralization,No mineralization,species,1,"algae, brown",BEN
Phaeophyceae,232,0c4c86876b1962866f38ca40250359cc2b84e5c4,Stramenopiles,Phaeophyceae,Ectocarpales,Chordariaceae,Soranthera,Soranthera ulvoidea,No mineralization,No mineralization,species,1,"algae, brown",BEN
Phaeophyceae,232,0997d59def2841b0fd7c7a08fcb688283517c799,Stramenopiles,Phaeophyceae,Ectocarpales,Scytosiphonaceae,Scytosiphon,Scytosiphon lomentaria,No mineralization,No mineralization,species,1,"algae, brown",BEN
Phaeophyceae,232,b5fff63b103fe3d9afabc85324d72989e386a45b,Stramenopiles,Phaeophyceae,Ectocarpales,Chordariaceae,Melanosiphon,Melanosiphon intestinalis,No mineralization,No mineralization,species,1,"algae, brown",BEN
Phaeophyceae,232,c5adbaff3f9308fb80a94631ffa77d94fa44665f,Stramenopiles,Phaeophyceae,Ectocarpales,Chordariaceae,Hecatonema,Hecatonema maculans,No mineralization,No mineralization,genus,1,"algae, brown",BEN
Phaeophyceae,232,0d853eb8a50289d28bf7d1e8026c5ab32a95560c,Stramenopiles,Phaeophyceae,Ectocarpales,Chordariaceae,NA,Chordariaceae sp. 7 AP-2014,No mineralization,No mineralization,family,1,"algae, brown",BEN
Phaeophyceae,232,53eeef35c10dfc4424a4a7e139ab760f981c1a98,Stramenopiles,Phaeophyceae,Ectocarpales,Chordariaceae,NA,Chordariaceae sp. 2 AP-2014,No mineralization,No mineralization,family,1,"algae, brown",BEN
Phaeophyceae,232,fde6421b05987fe6a9cf2f23184a2efa83e31975,Stramenopiles,Phaeophyceae,Ectocarpales,Chordariaceae,NA,Chordariaceae sp. 17 AP-2014,No mineralization,No mineralization,family,1,"algae, brown",BEN
Phaeophyceae,232,681d3b441ca014e31c3d7969611dd27e7a9ed2ce,Stramenopiles,Phaeophyceae,Fucales,Sargassaceae,Halidrys,Halidrys siliquosa,No mineralization,No mineralization,family,1,"algae, brown",BEN
Phaeophyceae,232,f0177b12f93b06178b1911f6b1d779de2e5211d8,Stramenopiles,Phaeophyceae,Ectocarpales,Chordariaceae,Microspongium,Microspongium alariae,No mineralization,No mineralization,family,1,"algae, brown",BEN
Phaeophyceae,232,75cf03fdaf2c97327faec9c62437d99041ce89ef,Stramenopiles,Phaeophyceae,Ectocarpales,Chordariaceae,Striaria,Striaria attenuata,No mineralization,No mineralization,family,1,"algae, brown",BEN
Phaeophyceae,232,2ab67b2fda0e32aed8092f56d51213601b7999a9,Stramenopiles,Phaeophyceae,Fucales,Fucaceae,Fucus,Fucus distichus,No mineralization,No mineralization,species,undetermined,undetermined,BEN
Phaeophyceae,232,8a17c79fb1ddb2dac42e79d554c750133cfe1d6f,Stramenopiles,Phaeophyceae,Ectocarpales,Acinetosporaceae,Hincksia,Hincksia hincksiae,No mineralization,No mineralization,genus,undetermined,undetermined,BEN
Phaeophyceae,232,e1a5a1790e07326ccc88c17e81159fddd9c4ddd5,Stramenopiles,Phaeophyceae,Sphacelariales,Sphacelariaceae,Sphacelaria,Sphacelaria sp. 2 AP-2014,No mineralization,No mineralization,genus,undetermined,undetermined,BEN
Phaeophyceae,232,5d7ba6167a8c08e5af2e1ded79a4a01cb3389d94,Stramenopiles,Phaeophyceae,Ralfsiales,Ralfsiaceae,NA,Ralfsioid sp. 4GWS,No mineralization,No mineralization,family,undetermined,undetermined,BEN
Phaeophyceae,232,c65a2dca25b07dd551d2afa870c5806fa6ade617,Stramenopiles,Phaeophyceae,Fucales,Notheiaceae,Notheia,Notheia anomala,NA,NA,NA,undetermined,undetermined,BEN
Platyhelminthes,2,f8e230c569b132d41930401c9deacad90391e0c2,Metazoa,Trematoda,Opisthorchiida,Heterophyidae,Cryptocotyle,Cryptocotyle lingua,NA,NA,NA,"3, non-marine","planarian, terrestrial",None
Porifera,91,fb022a7263747c2f39681de6d9a0da0df8887776,Metazoa,Demospongiae,Bubarida,Dictyonellidae,Scopalina,Scopalina ruetzleri,NA,NA,NA,3,sponge,BEN
Porifera,91,4def461d945d6bb4ff62af8f4328ca7a6fd6209e,Metazoa,Demospongiae,Suberitida,Halichondriidae,Halichondria,Halichondria panicea,Non-CaCO3 mineral,Non-CaCO3 mineral,species,3,sponge,BEN
Porifera,91,8647a587597a7af76d37057ad104d6aace8702dd,Metazoa,Demospongiae,Clionaida,Clionaidae,Cliona,Cliona chilensis,Non-CaCO3 mineral,Non-CaCO3 mineral,genus,3,sponge,BEN
Porifera,91,a68ca700b401e06e23bdde27d4756019a1e3a0eb,Metazoa,Demospongiae,Tethyida,Hemiasterellidae,Stelligera,Stelligera rigida,NA,NA,NA,3,sponge,BEN
Pyrenomonadales,3,6608800a21687a8369e03fbdcfc0cc3a66d7392f,Cryptophyta,NA,Pyrenomonadales,Pyrenomonadaceae,Rhodomonas,Rhodomonas salina,NA,NA,NA,1,"algae, cryptomonad",PLK
Raphidophyceae,84,c9e04f71ace1eca46cf3fdbb6bcf6762e0d91615,Stramenopiles,Raphidophyceae,Chattonellales,Chattonellaceae,Heterosigma,Heterosigma akashiwo,No mineralization,No mineralization,species,1,algae,PLK
Raphidophyceae,84,135564e9c33f7abcb19bbdbfc571af0ea2c77f82,Stramenopiles,Raphidophyceae,Chattonellales,Chattonellaceae,Chattonella,Chattonella subsalsa,No mineralization,No mineralization,family,1,algae,PLK
Raphidophyceae,84,43c8bbdf7c8303403a7b46b386fb5b46ba097805,Stramenopiles,Raphidophyceae,NA,NA,Haramonas,Haramonas dimorpha,NA,NA,NA,undetermined,undetermined,None
Rhodophyta,17,25043c29921a90add9da838dc500afbed6d5e855,Rhodophyta,Florideophyceae,Hildenbrandiales,Hildenbrandiaceae,Hildenbrandia,Hildenbrandia sp. 27GWS,No mineralization,No mineralization,genus,undetermined,undetermined,BEN
Rotifera,35,9185889b6a6599af59effbeedd0de742ae7d46a8,Metazoa,Monogononta,Ploima,Brachionidae,Platyias,Platyias quadricornis,NA,NA,NA,3,rotifer,BEN
Rotifera,35,06c382facc93cfae960231f361f1b6eff3569d14,Metazoa,Monogononta,Ploima,Synchaetidae,Synchaeta,Synchaeta pectinata,NA,NA,NA,3,rotifer,BEN
Rotifera,35,79e78e854461486b0050046871a285bfe0201e67,Metazoa,Monogononta,Ploima,Brachionidae,NA,Brachionidae sp. SHYT150702c,NA,NA,NA,3,rotifer,BEN
Rotifera,35,9b1c328fc7697f9025e287f88d447a6746446c7e,Metazoa,Monogononta,Ploima,Brachionidae,Keratella,Keratella cochlearis,NA,NA,NA,3,rotifer,BEN
Synurophyceae,73,74bd536a982117e99a75e40240e0e3b1b1f81a5c,Stramenopiles,Synurophyceae,Parmales,Triparmaceae,Triparma,Triparma laevis,NA,NA,NA,undetermined,undetermined,PLK
Tardigrada,1,cca4e2af3fe00e8a4737b100441561c6f69a09cd,Metazoa,Heterotardigrada,Echiniscoidea,Echiniscoididae,Echiniscoides,Echiniscoides pollocki,NA,NA,NA,NA,NA,BEN
Tubulinida,3,946a5b03f83aa01efea7444f53da47c4f5e8595d,Amoebozoa,NA,NA,Hartmannellidae,Hartmannella,Hartmannella cantabrigiensis,NA,NA,NA,3,amoebozoa,Both
